"01.11-3","Cultivo de cereais",3
"01.12-1","Cultivo de algodão herbáceo e de outras fibras de lavoura temporária",3
"01.13-0","Cultivo de cana-de-açúcar",3
"01.14-8","Cultivo de fumo",3
"01.15-6","Cultivo de soja",3
"01.16-4","Cultivo de oleaginosas de lavoura temporária, exceto soja",3
"01.19-9","Cultivo de plantas de lavoura temporária não especificadas anteriormente",3
"01.21-1","Horticultura",3
"01.22-9","Cultivo de flores e plantas ornamentais",3
"01.31-8","Cultivo de laranja",3
"01.32-6","Cultivo de uva",3
"01.33-4","Cultivo de frutas de lavoura permanente, exceto laranja e uva",3
"01.34-2","Cultivo de café",3
"01.35-1","Cultivo de cacau",3
"01.39-3","Cultivo de plantas de lavoura permanente não especificadas anteriormente",3
"01.41-5","Produção de sementes certificadas",3
"01.42-3","Produção de mudas e outras formas de propagação vegetal, certificadas",3
"01.51-2","Criação de bovinos",3
"01.52-1","Criação de outros animais de grande porte",3
"01.53-9","Criação de caprinos e ovinos",3
"01.54-7","Criação de suínos",3
"01.55-5","Criação de aves",3
"01.59-8","Criação de animais não especificados anteriormente",3
"01.61-0","Atividades de apoio à agricultura",3
"01.62-8","Atividades de apoio à pecuária",3
"01.63-6","Atividades de pós-colheita",3
"01.70-9","Caça e serviços relacionados",3
"02.10-1","Produção florestal - florestas plantadas",3
"02.20-9","Produção florestal - florestas nativas",4
"02.30-6","Atividades de apoio à produção florestal",3
"03.11-6","Pesca em água salgada",3
"03.12-4","Pesca em água doce",3
"03.21-3","Aquicultura em água salgada e salobra",3
"03.22-1","Aquicultura em água doce",3
"05.00-3","Extração de carvão mineral",4
"06.00-0","Extração de petróleo e gás natural",4
"07.10-3","Extração de minério de ferro",4
"07.21-9","Extração de minério de alumínio",4
"07.22-7","Extração de minério de estanho",4
"07.23-5","Extração de minério de manganês",4
"07.24-3","Extração de minério de metais preciosos",4
"07.25-1","Extração de minerais radioativos",4
"07.29-4","Extração de minerais metálicos não ferrosos não especificados anteriormente",4
"08.10-0","Extração de pedra, areia e argila",4
"08.91-6","Extração de minerais para fabricação de adubos, fertilizantes e outros produtos químicos",4
"08.92-4","Extração e refino de sal marinho e sal-gema",4
"08.93-2","Extração de gemas (pedras preciosas e semipreciosas)",4
"08.99-1","Extração de minerais não metálicos não especificados anteriormente",4
"09.10-6","Atividades de apoio à extração de petróleo e gás natural",4
"09.90-4","Atividades de apoio à extração de minerais, exceto petróleo e gás natural",4
"10.11-2","Abate de reses, exceto suínos",3
"10.12-1","Abate de suínos, aves e outros pequenos animais",3
"10.13-9","Fabricação de produtos de carne",3
"10.20-1","Preservação do pescado e fabricação de produtos do pescado",3
"10.31-7","Fabricação de conservas de frutas",3
"10.32-5","Fabricação de conservas de legumes e outros vegetais",3
"10.33-3","Fabricação de sucos de frutas, hortaliças e legumes",3
"10.41-4","Fabricação de óleos vegetais em bruto, exceto óleo de milho",3
"10.42-2","Fabricação de óleos vegetais refinados, exceto óleo de milho",3
"10.43-1","Fabricação de margarina e outras gorduras vegetais e de óleos não comestíveis de animais",3
"10.51-1","Preparação do leite",3
"10.52-0","Fabricação de laticínios",3
"10.53-8","Fabricação de sorvetes e outros gelados comestíveis",3
"10.61-9","Beneficiamento de arroz e fabricação de produtos do arroz",3
"10.62-7","Moagem de trigo e fabricação de derivados",3
"10.63-5","Fabricação de farinha de mandioca e derivados",3
"10.64-3","Fabricação de farinha de milho e derivados, exceto óleos de milho",3
"10.65-1","Fabricação de amidos e féculas de vegetais e de óleos de milho",3
"10.66-0","Fabricação de alimentos para animais",3
"10.71-6","Fabricação de açúcar em bruto",3
"10.72-4","Fabricação de açúcar refinado",3
"10.81-3","Torrefação e moagem de café",3
"10.82-1","Fabricação de produtos à base de café",3
"10.91-1","Fabricação de produtos de panificação",3
"10.92-9","Fabricação de biscoitos e bolachas",3
"10.93-7","Fabricação de produtos derivados do cacau, de chocolates e confeitos",3
"10.94-5","Fabricação de massas alimentícias",3
"10.95-3","Fabricação de especiarias, molhos, temperos e condimentos",3
"10.96-1","Fabricação de alimentos e pratos prontos",3
"10.99-6","Fabricação de produtos alimentícios não especificados anteriormente",3
"11.11-9","Fabricação de aguardentes e outras bebidas destiladas",3
"11.12-7","Fabricação de vinho",3
"11.13-5","Fabricação de malte, cervejas e chopes",3
"11.21-6","Fabricação de águas envasadas",3
"11.22-4","Fabricação de refrigerantes e de outras bebidas não alcoólicas",3
"12.10-7","Processamento industrial do fumo",3
"12.20-4","Fabricação de produtos do fumo",3
"13.11-1","Preparação e fiação de fibras de algodão",3
"13.12-0","Preparação e fiação de fibras têxteis naturais, exceto algodão",3
"13.13-8","Fiação de fibras artificiais e sintéticas",3
"13.14-6","Fabricação de linhas para costurar e bordar",3
"13.21-9","Tecelagem de fios de algodão",3
"13.22-7","Tecelagem de fios de fibras têxteis naturais, exceto algodão",3
"13.23-5","Tecelagem de fios de fibras artificiais e sintéticas",3
"13.30-8","Fabricação de tecidos de malha",3
"13.40-5","Acabamentos em fios, tecidos e artefatos têxteis",3
"13.51-1","Fabricação de artefatos têxteis para uso doméstico",3
"13.52-9","Fabricação de artefatos de tapeçaria",3
"13.53-7","Fabricação de artefatos de cordoaria",3
"13.54-5","Fabricação de tecidos especiais, inclusive artefatos",3
"13.59-6","Fabricação de outros produtos têxteis não especificados anteriormente",3
"14.11-8","Confecção de roupas íntimas",2
"14.12-6","Confecção de peças do vestuário, exceto roupas íntimas",2
"14.13-4","Confecção de roupas profissionais",2
"14.14-2","Fabricação de acessórios do vestuário, exceto para segurança e proteção",2
"14.21-5","Fabricação de meias",2
"14.22-3","Fabricação de artigos do vestuário, produzidos em malharias e tricotagens, exceto meias",2
"15.10-6","Curtimento e outras preparações de couro",3
"15.21-1","Fabricação de artigos para viagem, bolsas e semelhantes de qualquer material",2
"15.29-7","Fabricação de artefatos de couro não especificados anteriormente",2
"15.31-9","Fabricação de calçados de couro",3
"15.32-7","Fabricação de tênis de qualquer material",3
"15.33-5","Fabricação de calçados de material sintético",3
"15.39-4","Fabricação de calçados de materiais não especificados anteriormente",3
"15.40-8","Fabricação de partes para calçados, de qualquer material",3
"16.10-2","Desdobramento de madeira",3
"16.21-8","Fabricação de madeira laminada e de chapas de madeira compensada, prensada e aglomerada",3
"16.22-6","Fabricação de estruturas de madeira e de artigos de carpintaria para construção",3
"16.23-4","Fabricação de artefatos de tanoaria e de embalagens de madeira",3
"16.29-3","Fabricação de artefatos de madeira, palha, cortiça, vime e material trançado não especificados anteriormente, exceto móveis",3
"17.10-9","Fabricação de celulose e outras pastas para a fabricação de papel",3
"17.21-4","Fabricação de papel",3
"17.22-2","Fabricação de cartolina e papel-cartão",3
"17.31-1","Fabricação de embalagens de papel",2
"17.32-0","Fabricação de embalagens de cartolina e papel-cartão",2
"17.33-8","Fabricação de chapas e de embalagens de papelão ondulado",2
"17.41-9","Fabricação de produtos de papel, cartolina, papel-cartão e papelão ondulado para uso comercial e de escritório",2
"17.42-7","Fabricação de produtos de papel para usos doméstico e higiênico-sanitário",2
"17.49-4","Fabricação de produtos de pastas celulósicas, papel, cartolina, papel-cartão e papelão ondulado não especificados anteriormente",2
"18.11-3","Impressão de jornais, livros, revistas e outras publicações periódicas",3
"18.12-1","Impressão de material de segurança",3
"18.13-0","Impressão de materiais para outros usos",3
"18.21-1","Serviços de pré-impressão",3
"18.22-9","Serviços de acabamentos gráficos",3
"18.30-0","Reprodução de materiais gravados em qualquer suporte",3
"19.10-1","Coquerias",3
"19.21-7","Fabricação de produtos do refino de petróleo",3
"19.22-5","Fabricação de produtos derivados do petróleo, exceto produtos do refino",3
"19.31-4","Fabricação de álcool",3
"19.32-2","Fabricação de biocombustíveis, exceto álcool",3
"20.11-8","Fabricação de cloro e álcalis",3
"20.12-6","Fabricação de intermediários para fertilizantes",3
"20.13-4","Fabricação de adubos e fertilizantes",3
"20.14-2","Fabricação de gases industriais",3
"20.19-3","Fabricação de produtos químicos inorgânicos não especificados anteriormente",3
"20.21-5","Fabricação de produtos petroquímicos básicos",3
"20.22-3","Fabricação de intermediários para plastificantes, resinas e fibras",3
"20.29-1","Fabricação de produtos químicos orgânicos não especificados anteriormente",3
"20.31-2","Fabricação de resinas termoplásticas",3
"20.32-1","Fabricação de resinas termofixas",3
"20.33-9","Fabricação de elastômeros",3
"20.40-1","Fabricação de fibras artificiais e sintéticas",3
"20.51-7","Fabricação de defensivos agrícolas",3
"20.52-5","Fabricação de desinfetantes domissanitários",3
"20.61-4","Fabricação de sabões e detergentes sintéticos",3
"20.62-2","Fabricação de produtos de limpeza e polimento",3
"20.63-1","Fabricação de cosméticos, produtos de perfumaria e de higiene pessoal",2
"20.71-1","Fabricação de tintas, vernizes, esmaltes e lacas",3
"20.72-0","Fabricação de tintas de impressão",3
"20.73-8","Fabricação de impermeabilizantes, solventes e produtos afins",3
"20.91-6","Fabricação de adesivos e selantes",3
"20.92-4","Fabricação de explosivos",4
"20.93-2","Fabricação de aditivos de uso industrial",3
"20.94-1","Fabricação de catalisadores",3
"20.99-1","Fabricação de produtos químicos não especificados anteriormente",3
"21.10-6","Fabricação de produtos farmoquímicos",3
"21.21-1","Fabricação de medicamentos para uso humano",3
"21.22-0","Fabricação de medicamentos para uso veterinário",3
"21.23-8","Fabricação de preparações farmacêuticas",3
"22.11-1","Fabricação de pneumáticos e de câmaras de ar",3
"22.12-9","Reforma de pneumáticos usados",3
"22.19-6","Fabricação de artefatos de borracha não especificados anteriormente",3
"22.21-8","Fabricação de laminados planos e tubulares de material plástico",3
"22.22-6","Fabricação de embalagens de material plástico",3
"22.23-4","Fabricação de tubos e acessórios de material plástico para uso na construção",3
"22.29-3","Fabricação de artefatos de material plástico não especificados anteriormente",3
"23.11-7","Fabricação de vidro plano e de segurança",3
"23.12-5","Fabricação de embalagens de vidro",3
"23.19-2","Fabricação de artigos de vidro",3
"23.20-6","Fabricação de cimento",4
"23.30-3","Fabricação de artefatos de concreto, cimento, fibrocimento, gesso e materiais semelhantes",4
"23.41-9","Fabricação de produtos cerâmicos refratários",4
"23.42-7","Fabricação de produtos cerâmicos não-refratários para uso estrutural na construção",3
"23.49-4","Fabricação de produtos cerâmicos não refratários não especificados anteriormente",4
"23.91-5","Aparelhamento e outros trabalhos em pedras",3
"23.92-3","Fabricação de cal e gesso",4
"23.99-1","Fabricação de produtos de minerais não metálicos não especificados anteriormente",3
"24.11-3","Produção de ferro-gusa",4
"24.12-1","Produção de ferroligas",4
"24.21-1","Produção de semi-acabados de aço",4
"24.22-9","Produção de laminados planos de aço",4
"24.23-7","Produção de laminados longos de aço",4
"24.24-5","Produção de relaminados, trefilados e perfilados de aço",4
"24.31-8","Produção de tubos de aço com costura",4
"24.39-3","Produção de outros tubos de ferro e aço",4
"24.41-5","Metalurgia do alumínio e suas ligas",4
"24.42-3","Metalurgia dos metais preciosos",4
"24.43-1","Metalurgia do cobre",4
"24.49-1","Metalurgia dos metais não-ferrosos e suas ligas não especificados anteriormente",4
"24.51-2","Fundição de ferro e aço",4
"24.52-1","Fundição de metais não-ferrosos e suas ligas",4
"25.11-0","Fabricação de estruturas metálicas",4
"25.12-8","Fabricação de esquadrias de metal",3
"25.13-6","Fabricação de obras de caldeiraria pesada",3
"25.21-7","Fabricação de tanques, reservatórios metálicos e caldeiras para aquecimento central",3
"25.22-5","Fabricação de caldeiras geradoras de vapor, exceto para aquecimento central e para veículos",3
"25.31-4","Produção de forjados de aço e de metais não-ferrosos e suas ligas",4
"25.32-2","Produção de artefatos estampados de metal; metalurgia do pó",4
"25.39-0","Serviços de usinagem, solda, tratamento e revestimento em metais",4
"25.41-1","Fabricação de artigos de cutelaria",3
"25.42-0","Fabricação de artigos de serralheria, exceto esquadrias",3
"25.43-8","Fabricação de ferramentas",3
"25.50-1","Fabricação de equipamento bélico pesado, armas de fogo e munições",4
"25.91-8","Fabricação de embalagens metálicas",3
"25.92-6","Fabricação de produtos de trefilados de metal",4
"25.93-4","Fabricação de artigos de metal para uso doméstico e pessoal",3
"25.99-3","Fabricação de produtos de metal não especificados anteriormente",3
"26.10-8","Fabricação de componentes eletrônicos",3
"26.21-3","Fabricação de equipamentos de informática",3
"26.22-1","Fabricação de periféricos para equipamentos de informática",3
"26.31-1","Fabricação de equipamentos transmissores de comunicação",3
"26.32-9","Fabricação de aparelhos telefônicos e de outros equipamentos de comunicação",3
"26.40-0","Fabricação de aparelhos de recepção, reprodução, gravação e amplificação de áudio e vídeo",3
"26.51-5","Fabricação de aparelhos e equipamentos de medida, teste e controle",3
"26.52-3","Fabricação de cronômetros e relógios",3
"26.60-4","Fabricação de aparelhos eletromédicos e eletroterapêuticos e equipamentos de irradiação",3
"26.70-1","Fabricação de equipamentos e instrumentos ópticos, fotográficos e cinematográficos",3
"26.80-9","Fabricação de mídias virgens, magnéticas e ópticas",3
"27.10-4","Fabricação de geradores, transformadores e motores elétricos",3
"27.21-0","Fabricação de pilhas, baterias e acumuladores elétricos, exceto para veículos automotores",3
"27.22-8","Fabricação de baterias e acumuladores para veículos automotores",3
"27.31-7","Fabricação de aparelhos e equipamentos para distribuição e controle de energia elétrica",3
"27.32-5","Fabricação de material elétrico para instalações em circuito de consumo",3
"27.33-3","Fabricação de fios, cabos e condutores elétricos isolados",3
"27.40-6","Fabricação de lâmpadas e outros equipamentos de iluminação",3
"27.51-1","Fabricação de fogões, refrigeradores e máquinas de lavar e secar para uso doméstico",3
"27.59-7","Fabricação de aparelhos eletrodomésticos não especificados anteriormente",3
"27.90-2","Fabricação de equipamentos e aparelhos elétricos não especificados anteriormente",3
"28.11-9","Fabricação de motores e turbinas, exceto para aviões e veículos rodoviários",3
"28.12-7","Fabricação de equipamentos hidráulicos e pneumáticos, exceto válvulas",3
"28.13-5","Fabricação de válvulas, registros e dispositivos semelhantes",3
"28.14-3","Fabricação de compressores",3
"28.15-1","Fabricação de equipamentos de transmissão para fins industriais",3
"28.21-6","Fabricação de aparelhos e equipamentos para instalações térmicas",3
"28.22-4","Fabricação de máquinas, equipamentos e aparelhos para transporte e elevação de cargas e pessoas",3
"28.23-2","Fabricação de máquinas e aparelhos de refrigeração e ventilação para uso industrial e comercial",3
"28.24-1","Fabricação de aparelhos e equipamentos de ar condicionado",3
"28.25-9","Fabricação de máquinas e equipamentos para saneamento básico e ambiental",3
"28.29-1","Fabricação de máquinas e equipamentos de uso geral não especificados anteriormente",3
"28.31-3","Fabricação de tratores agrícolas",3
"28.32-1","Fabricação de equipamentos para irrigação agrícola",3
"28.33-0","Fabricação de máquinas e equipamentos para a agricultura e pecuária, exceto para irrigação",3
"28.40-2","Fabricação de máquinas-ferramenta",3
"28.51-8","Fabricação de máquinas e equipamentos para a prospecção e extração de petróleo",3
"28.52-6","Fabricação de outras máquinas e equipamentos para uso na extração mineral, exceto na extração de petróleo",3
"28.53-4","Fabricação de tratores, exceto agrícolas",3
"28.54-2","Fabricação de máquinas e equipamentos para terraplenagem, pavimentação e construção, exceto tratores",3
"28.61-5","Fabricação de máquinas para a indústria metalúrgica, exceto máquinas-ferramenta",3
"28.62-3","Fabricação de máquinas e equipamentos para as indústrias de alimentos, bebidas e fumo",3
"28.63-1","Fabricação de máquinas e equipamentos para a indústria têxtil",3
"28.64-0","Fabricação de máquinas e equipamentos para as indústrias do vestuário, do couro e de calçados",3
"28.65-8","Fabricação de máquinas e equipamentos para as indústrias de celulose, papel e papelão e artefatos",3
"28.66-6","Fabricação de máquinas e equipamentos para a indústria do plástico",3
"28.69-1","Fabricação de máquinas e equipamentos para uso industrial específico não especificados anteriormente",3
"29.10-7","Fabricação de automóveis, camionetas e utilitários",3
"29.20-4","Fabricação de caminhões e ônibus",3
"29.30-1","Fabricação de cabines, carrocerias e reboques para veículos automotores",3
"29.41-7","Fabricação de peças e acessórios para o sistema motor de veículos automotores",3
"29.42-5","Fabricação de peças e acessórios para os sistemas de marcha e transmissão de veículos automotores",3
"29.43-3","Fabricação de peças e acessórios para o sistema de freios de veículos automotores",3
"29.44-1","Fabricação de peças e acessórios para o sistema de direção e suspensão de veículos automotores",3
"29.45-0","Fabricação de material elétrico e eletrônico para veículos automotores, exceto baterias",3
"29.49-2","Fabricação de peças e acessórios para veículos automotores não especificados anteriormente",3
"29.50-6","Recondicionamento e recuperação de motores para veículos automotores",3
"30.11-3","Construção de embarcações e estruturas flutuantes",3
"30.12-1","Construção de embarcações para esporte e lazer",3
"30.31-8","Fabricação de locomotivas, vagões e outros materiais rodantes",3
"30.32-6","Fabricação de peças e acessórios para veículos ferroviários",3
"30.41-5","Fabricação de aeronaves",3
"30.42-3","Fabricação de turbinas, motores e outros componentes e peças para aeronaves",3
"30.50-4","Fabricação de veículos militares de combate",3
"30.91-1","Fabricação de motocicletas",3
"30.92-0","Fabricação de bicicletas e triciclos não motorizados",3
"30.99-7","Fabricação de equipamentos de transporte não especificados anteriormente",3
"31.01-2","Fabricação de móveis com predominância de madeira",3
"31.02-1","Fabricação de móveis com predominância de metal",3
"31.03-9","Fabricação de móveis de outros materiais, exceto madeira e metal",3
"31.04-7","Fabricação de colchões",2
"32.11-6","Lapidação de gemas e fabricação de artefatos de ourivesaria e joalheria",3
"32.12-4","Fabricação de bijuterias e artefatos semelhantes",3
"32.20-5","Fabricação de instrumentos musicais",3
"32.30-2","Fabricação de artefatos para pesca e esporte",3
"32.40-0","Fabricação de brinquedos e jogos recreativos",3
"32.50-7","Fabricação de instrumentos e materiais para uso médico e odontológico e de artigos ópticos",3
"32.91-4","Fabricação de escovas, pincéis e vassouras",3
"32.92-2","Fabricação de equipamentos e acessórios para segurança e proteção pessoal e profissional",3
"32.99-0","Fabricação de produtos diversos não especificados anteriormente",3
"33.11-2","Manutenção e reparação de tanques, reservatórios metálicos e caldeiras, exceto para veículos",3
"33.12-1","Manutenção e reparação de equipamentos eletrônicos e ópticos",3
"33.13-9","Manutenção e reparação de máquinas e equipamentos elétricos",3
"33.14-7","Manutenção e reparação de máquinas e equipamentos da indústria mecânica",3
"33.15-5","Manutenção e reparação de veículos ferroviários",3
"33.16-3","Manutenção e reparação de aeronaves",3
"33.17-1","Manutenção e reparação de embarcações",3
"33.19-8","Manutenção e reparação de equipamentos e produtos não especificados anteriormente",3
"33.21-0","Instalação de máquinas e equipamentos industriais",3
"33.29-5","Instalação de equipamentos não especificados anteriormente",3
"35.11-5","Geração de energia elétrica",3
"35.12-3","Transmissão de energia elétrica",3
"35.13-1","Comércio atacadista de energia elétrica",3
"35.14-0","Distribuição de energia elétrica",3
"35.20-4","Produção de gás; processamento de gás natural; distribuição de combustíveis gasosos por redes urbanas",3
"35.30-1","Produção e distribuição de vapor, água quente e ar condicionado",3
"36.00-6","Captação, tratamento e distribuição de água",3
"37.01-1","Gestão de redes de esgoto",3
"37.02-9","Atividades relacionadas a esgoto, exceto a gestão de redes",3
"38.11-4","Coleta de resíduos não perigosos",3
"38.12-2","Coleta de resíduos perigosos",3
"38.21-1","Tratamento e disposição de resíduos não perigosos",3
"38.22-0","Tratamento e disposição de resíduos perigosos",3
"38.31-9","Recuperação de materiais metálicos",3
"38.32-7","Recuperação de materiais plásticos",3
"38.39-4","Recuperação de materiais não especificados anteriormente",3
"39.00-5","Descontaminação e outros serviços de gestão de resíduos",3
"41.10-7","Incorporação de empreendimentos imobiliários",1
"41.20-4","Construção de edifícios",3
"42.11-1","Construção de rodovias e ferrovias",4
"42.12-0","Construção de obras-de-arte especiais",4
"42.13-8","Obras de urbanização - ruas, praças e calçadas",3
"42.21-9","Obras para geração e distribuição de energia elétrica e para telecomunicações",4
"42.22-7","Construção de redes de abastecimento de água, coleta de esgoto e construções correlatas",4
"42.23-5","Construção de redes de transportes por dutos, exceto para água e esgoto",4
"42.91-0","Obras portuárias, marítimas e fluviais",4
"42.92-8","Montagem de instalações industriais e de estruturas metálicas",4
"42.99-5","Obras de engenharia civil não especificadas anteriormente",3
"43.11-8","Demolição e preparação de canteiros de obras",4
"43.12-6","Perfurações e sondagens",4
"43.13-4","Obras de terraplenagem",3
"43.19-3","Serviços de preparação do terreno não especificados anteriormente",3
"43.21-5","Instalações elétricas",3
"43.22-3","Instalações hidráulicas, de sistemas de ventilação e refrigeração",3
"43.29-1","Obras de instalações em construções não especificadas anteriormente",3
"43.30-4","Obras de acabamento",3
"43.91-6","Obras de fundações",4
"43.99-1","Serviços especializados para construção não especificados anteriormente",3
"45.11-1","Comércio a varejo e por atacado de veículos automotores",2
"45.12-9","Representantes comerciais e agentes do comércio de veículos automotores",2
"45.20-0","Manutenção e reparação de veículos automotores",3
"45.30-7","Comércio de peças e acessórios para veículos automotores",2
"45.41-2","Comércio por atacado e a varejo de motocicletas, peças e acessórios",2
"45.42-1","Representantes comerciais e agentes do comércio de motocicletas, peças e acessórios",2
"45.43-9","Manutenção e reparação de motocicletas",3
"46.11-7","Representantes comerciais e agentes do comércio de matérias-primas agrícolas e animais vivos",2
"46.12-5","Representantes comerciais e agentes do comércio de combustíveis, minerais, produtos siderúrgicos e químicos",2
"46.13-3","Representantes comerciais e agentes do comércio de madeira, material de construção e ferragens",2
"46.14-1","Representantes comerciais e agentes do comércio de máquinas, equipamentos, embarcações e aeronaves",2
"46.15-0","Representantes comerciais e agentes do comércio de eletrodomésticos, móveis e artigos de uso doméstico",2
"46.16-8","Representantes comerciais e agentes do comércio de têxteis, vestuário, calçados e artigos de viagem",2
"46.17-6","Representantes comerciais e agentes do comércio de produtos alimentícios, bebidas e fumo",2
"46.18-4","Representantes comerciais e agentes do comércio especializado em produtos não especificados anteriormente",2
"46.19-2","Representantes comerciais e agentes do comércio de mercadorias em geral não especializado",2
"46.21-4","Comércio atacadista de café em grão",2
"46.22-2","Comércio atacadista de soja",2
"46.23-1","Comércio atacadista de animais vivos, alimentos para animais e matérias-primas agrícolas, exceto café e soja",2
"46.31-1","Comércio atacadista de leite e laticínios",2
"46.32-0","Comércio atacadista de cereais e leguminosas beneficiados, farinhas, amidos e féculas",2
"46.33-8","Comércio atacadista de hortifrutigranjeiros",2
"46.34-6","Comércio atacadista de carnes, produtos da carne e pescado",2
"46.35-4","Comércio atacadista de bebidas",2
"46.36-2","Comércio atacadista de produtos do fumo",2
"46.37-1","Comércio atacadista especializado em produtos alimentícios não especificados anteriormente",2
"46.39-7","Comércio atacadista de produtos alimentícios em geral",2
"46.41-9","Comércio atacadista de tecidos, artefatos de tecidos e de armarinho",2
"46.42-7","Comércio atacadista de artigos do vestuário e acessórios",2
"46.43-5","Comércio atacadista de calçados e artigos de viagem",2
"46.44-3","Comércio atacadista de produtos farmacêuticos para uso humano e veterinário",2
"46.45-1","Comércio atacadista de instrumentos e materiais para uso médico, cirúrgico, ortopédico e odontológico",2
"46.46-0","Comércio atacadista de cosméticos, produtos de perfumaria e de higiene pessoal",2
"46.47-8","Comércio atacadista de artigos de escritório e de papelaria; livros, jornais e outras publicações",2
"46.49-4","Comércio atacadista de equipamentos e artigos de uso pessoal e doméstico não especificados anteriormente",2
"46.51-6","Comércio atacadista de computadores, periféricos e suprimentos de informática",3
"46.52-4","Comércio atacadista de componentes eletrônicos e equipamentos de telefonia e comunicação",3
"46.61-3","Comércio atacadista de máquinas, aparelhos e equipamentos para uso agropecuário; partes e peças",3
"46.62-1","Comércio atacadista de máquinas, equipamentos para terraplenagem, mineração e construção; partes e peças",3
"46.63-0","Comércio atacadista de máquinas e equipamentos para uso industrial; partes e peças",3
"46.64-8","Comércio atacadista de máquinas, aparelhos e equipamentos para uso odonto-médico-hospitalar; partes e peças",3
"46.65-6","Comércio atacadista de máquinas e equipamentos para uso comercial; partes e peças",3
"46.69-9","Comércio atacadista de máquinas, aparelhos e equipamentos não especificados anteriormente; partes e peças",3
"46.71-1","Comércio atacadista de madeira e produtos derivados",3
"46.72-9","Comércio atacadista de ferragens e ferramentas",3
"46.73-7","Comércio atacadista de material elétrico",3
"46.74-5","Comércio atacadista de cimento",3
"46.79-6","Comércio atacadista especializado de materiais de construção não especificados anteriormente e de materiais de construção em geral",3
"46.81-8","Comércio atacadista de combustíveis sólidos, líquidos e gasosos, exceto gás natural e GLP",3
"46.82-6","Comércio atacadista de gás liquefeito de petróleo (GLP)",3
"46.83-4","Comércio atacadista de defensivos agrícolas, adubos, fertilizantes e corretivos do solo",3
"46.84-2","Comércio atacadista de produtos químicos e petroquímicos, exceto agroquímicos",3
"46.85-1","Comércio atacadista de produtos siderúrgicos e metalúrgicos, exceto para construção",3
"46.86-9","Comércio atacadista de papel e papelão em bruto e de embalagens",3
"46.87-7","Comércio atacadista de resíduos e sucatas",3
"46.89-3","Comércio atacadista especializado de outros produtos intermediários não especificados anteriormente",3
"46.91-5","Comércio atacadista de mercadorias em geral, com predominância de produtos alimentícios",2
"46.92-3","Comércio atacadista de mercadorias em geral, com predominância de insumos agropecuários",2
"46.93-1","Comércio atacadista de mercadorias em geral, sem predominância de alimentos ou de insumos agropecuários",2
"47.11-3","Comércio varejista de mercadorias em geral, com predominância de produtos alimentícios - hipermercados e supermercados",2
"47.12-1","Comércio varejista de mercadorias em geral, com predominância de produtos alimentícios - minimercados, mercearias e armazéns",2
"47.13-0","Comércio varejista de mercadorias em geral, sem predominância de produtos alimentícios",2
"47.21-1","Comércio varejista de produtos de padaria, laticínio, doces, balas e semelhantes",2
"47.22-9","Comércio varejista de carnes e pescados - açougues e peixarias",3
"47.23-7","Comércio varejista de bebidas",2
"47.24-5","Comércio varejista de hortifrutigranjeiros",2
"47.29-6","Comércio varejista de produtos alimentícios em geral ou especializado em produtos alimentícios não especificados anteriormente; produtos do fumo",2
"47.31-8","Comércio varejista de combustíveis para veículos automotores",3
"47.32-6","Comércio varejista de lubrificantes",3
"47.41-5","Comércio varejista de tintas e materiais para pintura",2
"47.42-3","Comércio varejista de material elétrico",1
"47.43-1","Comércio varejista de vidros",2
"47.44-0","Comércio varejista de ferragens, madeira e materiais de construção",2
"47.51-2","Comércio varejista especializado de equipamentos e suprimentos de informática",1
"47.52-1","Comércio varejista especializado de equipamentos de telefonia e comunicação",1
"47.53-9","Comércio varejista especializado de eletrodomésticos e equipamentos de áudio e vídeo",1
"47.54-7","Comércio varejista especializado de móveis, colchoaria e artigos de iluminação",1
"47.55-5","Comércio varejista especializado de tecidos e artigos de cama, mesa e banho",1
"47.56-3","Comércio varejista especializado de instrumentos musicais e acessórios",1
"47.57-1","Comércio varejista especializado de peças e acessórios para aparelhos eletroeletrônicos para uso doméstico, exceto informática e comunicação",1
"47.59-8","Comércio varejista de artigos de uso doméstico não especificados anteriormente",1
"47.61-0","Comércio varejista de livros, jornais, revistas e papelaria",1
"47.62-8","Comércio varejista de discos, CDs, DVDs e fitas",1
"47.63-6","Comércio varejista de artigos recreativos e esportivos",1
"47.71-7","Comércio varejista de produtos farmacêuticos para uso humano e veterinário",2
"47.72-5","Comércio varejista de cosméticos, produtos de perfumaria e de higiene pessoal",1
"47.73-3","Comércio varejista de artigos médicos e ortopédicos",1
"47.74-1","Comércio varejista de artigos de óptica",1
"47.81-4","Comércio varejista de artigos do vestuário e acessórios",1
"47.82-2","Comércio varejista de calçados e artigos de viagem",1
"47.83-1","Comércio varejista de joias e relógios",1
"47.84-9","Comércio varejista de gás liquefeito de petróleo (GLP)",3
"47.85-7","Comércio varejista de artigos usados",2
"47.89-0","Comércio varejista de outros produtos novos não especificados anteriormente",1
"47.90-3","Comércio ambulante e outros tipos de comércio varejista",2
"49.11-6","Transporte ferroviário de carga",3
"49.12-4","Transporte metro ferroviário de passageiros",3
"49.21-3","Transporte rodoviário coletivo de passageiros, com itinerário fixo, municipal e em região metropolitana",3
"49.22-1","Transporte rodoviário coletivo de passageiros, com itinerário fixo, intermunicipal, interestadual e internacional",3
"49.23-0","Transporte rodoviário de táxi",3
"49.24-8","Transporte escolar",3
"49.29-9","Transporte rodoviário coletivo de passageiros, sob regime de fretamento, e outros transportes rodoviários não especificados anteriormente",3
"49.30-2","Transporte rodoviário de carga",3
"49.40-0","Transporte dutoviário",3
"49.50-7","Trens turísticos, teleféricos e similares",3
"50.11-4","Transporte marítimo de cabotagem",3
"50.12-2","Transporte marítimo de longo curso",3
"50.21-1","Transporte por navegação interior de carga",3
"50.22-0","Transporte por navegação interior de passageiros em linhas regulares",3
"50.30-1","Navegação de apoio",3
"50.91-2","Transporte por navegação de travessia",3
"50.99-8","Transportes aquaviários não especificados anteriormente",3
"51.11-1","Transporte aéreo de passageiros regular",3
"51.12-9","Transporte aéreo de passageiros não regular",3
"51.20-0","Transporte aéreo de carga",3
"51.30-7","Transporte espacial",3
"52.11-7","Armazenamento",3
"52.12-5","Carga e descarga",3
"52.21-4","Concessionárias de rodovias, pontes, túneis e serviços relacionados",3
"52.22-2","Terminais rodoviários e ferroviários",3
"52.23-1","Estacionamento de veículos",3
"52.29-0","Atividades auxiliares dos transportes terrestres não especificadas anteriormente",3
"52.31-1","Gestão de portos e terminais",3
"52.32-0","Atividades de agenciamento marítimo",3
"52.39-7","Atividades auxiliares dos transportes aquaviários não especificadas anteriormente",3
"52.40-1","Atividades auxiliares dos transportes aéreos",3
"52.50-8","Atividades relacionadas à organização do transporte de carga",3
"53.10-5","Atividades de Correio",2
"53.20-2","Atividades de malote e de entrega",2
"55.10-8","Hotéis e similares",2
"55.90-6","Outros tipos de alojamento não especificados anteriormente",2
"56.11-2","Restaurantes e outros estabelecimentos de serviços de alimentação e bebidas",2
"56.12-1","Serviços ambulantes de alimentação",2
"56.20-1","Serviços de catering, bufê e outros serviços de comida preparada",2
"58.11-5","Edição de livros",3
"58.12-3","Edição de jornais",3
"58.13-1","Edição de revistas",3
"58.19-1","Edição de cadastros, listas e outros produtos gráficos",3
"58.21-2","Edição integrada à impressão de livros",3
"58.22-1","Edição integrada à impressão de jornais",3
"58.23-9","Edição integrada à impressão de revistas",3
"58.29-8","Edição integrada à impressão de cadastros, listas e outros produtos gráficos",3
"59.11-1","Atividades de produção cinematográfica, de vídeos e de programas de televisão",2
"59.12-0","Atividades de pós-produção cinematográfica, de vídeos e de programas de televisão",2
"59.13-8","Distribuição cinematográfica, de vídeo e de programas de televisão",2
"59.14-6","Atividades de exibição cinematográfica",2
"59.20-1","Atividades de gravação de som e de edição de música",2
"60.10-1","Atividades de rádio",2
"60.21-7","Atividades de televisão aberta",2
"60.22-5","Programadoras e atividades relacionadas à televisão por assinatura",2
"61.10-8","Telecomunicações por fio",2
"61.30-2","Telecomunicações por satélite",2
"61.41-8","Operadoras de televisão por assinatura por cabo",2
"61.42-6","Operadoras de televisão por assinatura por microondas",2
"61.43-4","Operadoras de televisão por assinatura por satélite",2
"61.90-6","Outras atividades de telecomunicações",2
"62.01-5","Desenvolvimento de programas de computador sob encomenda",2
"62.02-3","Desenvolvimento e licenciamento de programas de computador customizáveis",2
"62.03-1","Desenvolvimento e licenciamento de programas de computador não-customizáveis",2
"62.04-0","Consultoria em tecnologia da informação",2
"62.09-1","Suporte técnico, manutenção e outros serviços em tecnologia da informação",2
"63.11-9","Tratamento de dados, provedores de serviços de aplicação e serviços de hospedagem na internet",2
"63.19-4","Portais, provedores de conteúdo e outros serviços de informação na internet",2
"63.91-7","Agências de notícias",2
"63.99-2","Outras atividades de prestação de serviços de informação não especificadas anteriormente",2
"64.1","Banco Central",1
"64.10-7","Banco Central",1
"64.21-2","Bancos comerciais",1
"64.22-1","Bancos múltiplos, com carteira comercial",1
"64.23-9","Caixas econômicas",1
"64.24-7","Crédito cooperativo",1
"64.31-0","Bancos múltiplos, sem carteira comercial",1
"64.32-8","Bancos de investimento",1
"64.33-6","Bancos de desenvolvimento",1
"64.34-4","Agências de fomento",1
"64.35-2","Crédito imobiliário",1
"64.36-1","Sociedades de crédito, financiamento e investimento - financeiras",1
"64.37-9","Sociedades de crédito ao microempreendedor",1
"64.38-7","Bancos de câmbio e outras instituições de intermediação não monetária",1
"64.40-9","Arrendamento mercantil",1
"64.50-6","Sociedades de capitalização",1
"64.61-1","Holdings de instituições financeiras",1
"64.62-0","Holdings de instituições não financeiras",1
"64.63-8","Outras sociedades de participação, exceto holdings",1
"64.70-1","Fundos de investimento",1
"64.91-3","Sociedades de fomento mercantil - factoring",1
"64.92-1","Securitização de créditos",1
"64.93-0","Administração de consórcios para aquisição de bens e direitos",1
"64.99-9","Outras atividades de serviços financeiros não especificadas anteriormente",1
"65.11-1","Seguros de vida",1
"65.12-0","Seguros não-vida",1
"65.20-1","Seguros-saúde",1
"65.30-8","Resseguros",1
"65.41-3","Previdência complementar fechada",1
"65.42-1","Previdência complementar aberta",1
"65.50-2","Planos de saúde",1
"66.11-8","Administração de bolsas e mercados de balcão organizados",1
"66.12-6","Atividades de intermediários em transações de títulos, valores mobiliários e mercadorias",1
"66.13-4","Administração de cartões de crédito",1
"66.19-3","Atividades auxiliares dos serviços financeiros não especificadas anteriormente",1
"66.21-5","Avaliação de riscos e perdas",1
"66.22-3","Corretores e agentes de seguros, de planos de previdência complementar e de saúde",1
"66.29-1","Atividades auxiliares dos seguros, da previdência complementar e dos planos de saúde não especificadas anteriormente",1
"66.30-4","Atividades de administração de fundos por contrato ou comissão",1
"68.10-2","Atividades imobiliárias de imóveis próprios",1
"68.21-8","Intermediação na compra, venda e aluguel de imóveis",1
"68.22-6","Gestão e administração da propriedade imobiliária",1
"69.11-7","Atividades jurídicas, exceto cartórios",1
"69.12-5","Cartórios",1
"69.20-6","Atividades de contabilidade, consultoria e auditoria contábil e tributária",1
"70.10-7","Sedes de empresas e unidades administrativas locais",1
"70.20-4","Atividades de consultoria em gestão empresarial",1
"71.11-1","Serviços de arquitetura",1
"71.12-0","Serviços de engenharia",1
"71.19-7","Atividades técnicas relacionadas à arquitetura e engenharia",1
"71.20-1","Testes e análises técnicas",2
"72.10-0","Pesquisa e desenvolvimento experimental em ciências físicas e naturais",2
"72.20-7","Pesquisa e desenvolvimento experimental em ciências sociais e humanas",2
"73.11-4","Agências de publicidade",1
"73.12-2","Agenciamento de espaços para publicidade, exceto em veículos de comunicação",1
"73.19-0","Atividades de publicidade não especificadas anteriormente",1
"73.20-3","Pesquisas de mercado e de opinião pública",1
"74.10-2","Design e decoração de interiores",1
"74.90-1","Atividades profissionais, científicas e técnicas não especificadas anteriormente",1
"75.00-1","Atividades veterinárias",3
"77.11-0","Locação de automóveis sem condutor",1
"77.19-5","Locação de meios de transporte, exceto automóveis, sem condutor",1
"77.21-7","Aluguel de equipamentos recreativos e esportivos",1
"77.22-5","Aluguel de fitas de vídeo, DVDs e similares",1
"77.23-3","Aluguel de objetos do vestuário, joias e acessórios",1
"77.29-2","Aluguel de objetos pessoais e domésticos não especificados anteriormente",1
"77.31-4","Aluguel de máquinas e equipamentos agrícolas sem operador",1
"77.32-2","Aluguel de máquinas e equipamentos para construção sem operador",1
"77.33-1","Aluguel de máquinas e equipamentos para escritório",1
"77.39-0","Aluguel de máquinas e equipamentos não especificados anteriormente",1
"77.40-3","Gestão de ativos intangíveis não financeiros",1
"78.10-8","Seleção e agenciamento de mão de obra",1
"78.20-5","Locação de mão de obra temporária",1
"78.30-2","Fornecimento e gestão de recursos humanos para terceiros",1
"79.11-2","Agências de viagens",1
"79.12-1","Operadores turísticos",1
"79.90-2","Serviços de reservas e outros serviços de turismo não especificados anteriormente",1
"80.11-1","Atividades de vigilância e segurança privada",3
"80.12-9","Atividades de transporte de valores",3
"80.20-0","Atividades de monitoramento de sistemas de segurança",3
"80.30-7","Atividades de investigação particular",3
"81.11-7","Serviços combinados para apoio a edifícios, exceto condomínios prediais",2
"81.12-5","Condomínios prediais",2
"81.21-4","Limpeza em prédios e em domicílios",3
"81.22-2","Imunização e controle de pragas urbanas",3
"81.29-0","Atividades de limpeza não especificadas anteriormente",3
"81.30-3","Atividades paisagísticas",1
"82.11-3","Serviços combinados de escritório e apoio administrativo",1
"82.19-9","Fotocópias, preparação de documentos e outros serviços especializados de apoio administrativo",2
"82.20-2","Atividades de teleatendimento",2
"82.30-0","Atividades de organização de eventos, exceto culturais e esportivos",2
"82.91-1","Atividades de cobrança e informações cadastrais",2
"82.92-0","Envasamento e empacotamento sob contrato",2
"82.99-7","Atividades de serviços prestados principalmente às empresas não especificadas anteriormente",2
"84.11-6","Administração pública em geral",1
"84.12-4","Regulação das atividades de saúde, educação, serviços culturais e outros serviços sociais",1
"84.13-2","Regulação das atividades econômicas",1
"84.21-3","Relações exteriores",1
"84.22-1","Defesa",1
"84.23-0","Justiça",1
"84.24-8","Segurança e ordem pública",1
"84.25-6","Defesa Civil",1
"84.30-2","Seguridade social obrigatória",1
"85.11-2","Educação infantil - creche",2
"85.12-1","Educação infantil - pré-escola",2
"85.13-9","Ensino fundamental",2
"85.20-1","Ensino médio",2
"85.31-7","Educação superior - graduação",2
"85.32-5","Educação superior - graduação e pós-graduação",2
"85.33-3","Educação superior - pós-graduação e extensão",2
"85.41-4","Educação profissional de nível técnico",2
"85.42-2","Educação profissional de nível tecnológico",2
"85.50-3","Atividades de apoio à educação",2
"85.91-1","Ensino de esportes",2
"85.92-9","Ensino de arte e cultura",2
"85.93-7","Ensino de idiomas",2
"85.99-6","Atividades de ensino não especificadas anteriormente",2
"86.10-1","Atividades de atendimento hospitalar",3
"86.21-6","Serviços móveis de atendimento a urgências",3
"86.22-4","Serviços de remoção de pacientes, exceto os serviços móveis de atendimento a urgências",3
"86.30-5","Atividades de atenção ambulatorial executadas por médicos e odontólogos",3
"86.40-2","Atividades de serviços de complementação diagnóstica e terapêutica",3
"86.50-0","Atividades de profissionais da área de saúde, exceto médicos e odontólogos",2
"86.60-7","Atividades de apoio à gestão de saúde",1
"86.90-9","Atividades de atenção à saúde humana não especificadas anteriormente",1
"87.11-5","Atividades de assistência a idosos, deficientes físicos, imunodeprimidos e convalescentes prestadas em residências coletivas e particulares",1
"87.12-3","Atividades de fornecimento de infraestrutura de apoio e assistência a paciente no domicílio",1
"87.20-4","Atividades de assistência psicossocial e à saúde a portadores de distúrbios psíquicos, deficiência mental e dependência química",1
"87.3","Atividades de assistência social prestadas em residências coletivas e particulares",1
"87.30-1","Atividades de assistência social prestadas em residências coletivas e particulares",1
"88.00-6","Serviços de assistência social sem alojamento",1
"90.01-9","Artes cênicas, espetáculos e atividades complementares",2
"90.02-7","Criação artística",2
"90.03-5","Gestão de espaços para artes cênicas, espetáculos e outras atividades artísticas",1
"91.01-5","Atividades de bibliotecas e arquivos",2
"91.02-3","Atividades de museus e de exploração, restauração artística e conservação de lugares e prédios históricos e atrações similares",2
"91.03-1","Atividades de jardins botânicos, zoológicos, parques nacionais, reservas ecológicas e áreas de proteção ambiental",2
"92.00-3","Atividades de exploração de jogos de azar e apostas",1
"93.11-5","Gestão de instalações de esportes",1
"93.12-3","Clubes sociais, esportivos e similares",2
"93.13-1","Atividades de condicionamento físico",2
"93.19-1","Atividades esportivas não especificadas anteriormente",2
"93.21-2","Parques de diversão e parques temáticos",2
"93.29-8","Atividades de recreação e lazer não especificadas anteriormente",2
"94.11-1","Atividades de organizações associativas patronais e empresariais",1
"94.12-0","Atividades de organizações associativas profissionais",1
"94.20-1","Atividades de organizações sindicais",1
"94.30-8","Atividades de associações de defesa de direitos sociais",1
"94.91-0","Atividades de organizações religiosas",1
"94.92-8","Atividades de organizações políticas",1
"94.93-6","Atividades de organizações associativas ligadas à cultura e à arte",1
"94.99-5","Atividades associativas não especificadas anteriormente",1
"95.11-8","Reparação e manutenção de computadores e de equipamentos periféricos",3
"95.12-6","Reparação e manutenção de equipamentos de comunicação",3
"95.21-5","Reparação e manutenção de equipamentos eletroeletrônicos de uso pessoal e doméstico",3
"95.29-1","Reparação e manutenção de objetos e equipamentos pessoais e domésticos não especificados anteriormente",3
"96.01-7","Lavanderias, tinturarias e toalheiros",2
"96.02-5","Cabeleireiros e outras atividades de tratamento de beleza",2
"96.03-3","Atividades funerárias e serviços relacionados",2
"96.09-2","Atividades de serviços pessoais não especificadas anteriormente",2
"97.00-5","Serviços domésticos",2
"99.00-8","Organismos internacionais e outras instituições extraterritoriais",1
