C¢digos;DENOMINAÄ«O;GR
A;AGRICULTURA, PECUµRIA, PRODUÄ«O FLORESTAL, PESCA E AQUICULTURA;
1;AGRICULTURA, PECUµRIA E SERVIÄOS RELACIONADOS;
01.1;Produá∆o de lavouras tempor†rias;
01.11-3;Cultivo de cereais;3
01.12-1;Cultivo de algod∆o herb†ceo e de outras fibras de lavoura tempor†ria;3
01.13-0;Cultivo de cana-de-aá£car;3
01.14-8;Cultivo de fumo;3
01.15-6;Cultivo de soja;3
01.16-4;Cultivo de oleaginosas de lavoura tempor†ria, exceto soja;3
01.19-9;Cultivo de plantas de lavoura tempor†ria n∆o especificadas anteriormente;3
01.2;Horticultura e floricultura;
01.21-1;Horticultura;3
01.22-9;Cultivo de flores e plantas ornamentais;3
01.3;Produá∆o de lavouras permanentes;
01.31-8;Cultivo de laranja;3
01.32-6;Cultivo de uva;3
01.33-4;Cultivo de frutas de lavoura permanente, exceto laranja e uva;3
01.34-2;Cultivo de cafÇ;3
01.35-1;Cultivo de cacau;3
01.39-3;Cultivo de plantas de lavoura permanente n∆o especificadas anteriormente;3
01.4;Produá∆o de sementes e mudas certificadas;
01.41-5;Produá∆o de sementes certificadas;3
01.42-3;Produá∆o de mudas e outras formas de propagaá∆o vegetal, certificadas;3
01.5;Pecu†ria;
01.51-2;Criaá∆o de bovinos;3
01.52-1;Criaá∆o de outros animais de grande porte;3
01.53-9;Criaá∆o de caprinos e ovinos;3
01.54-7;Criaá∆o de su°nos;3
01.55-5;Criaá∆o de aves;3
01.59-8;Criaá∆o de animais n∆o especificados anteriormente;3
01.6;"Atividades de apoio Ö agricultura e Ö pecu†ria; atividades de p¢s-colheita";
01.61-0;Atividades de apoio Ö agricultura;3
01.62-8;Atividades de apoio Ö pecu†ria;3
01.63-6;Atividades de p¢s-colheita;3
01.7;Caáa e serviáos relacionados;
01.70-9;Caáa e serviáos relacionados;3
2;PRODUÄ«O FLORESTAL;
02.1;Produá∆o florestal - florestas plantadas;
02.10-1;Produá∆o florestal - florestas plantadas;3
02.2;Produá∆o florestal - florestas nativas;
02.20-9;Produá∆o florestal - florestas nativas;4
02.3;Atividades de apoio Ö produá∆o florestal;
02.30-6;Atividades de apoio Ö produá∆o florestal;3
3;PESCA E AQUICULTURA;
03.1;Pesca;
03.11-6;Pesca em †gua salgada;3
03.12-4;Pesca em †gua doce;3
03.2;Aquicultura;
03.21-3;Aquicultura em †gua salgada e salobra;3
03.22-1;Aquicultura em †gua doce;3
B;INDÈSTRIAS EXTRATIVAS;
5;EXTRAÄ«O DE CARV«O MINERAL;
05.0;Extraá∆o de carv∆o mineral;
05.00-3;Extraá∆o de carv∆o mineral;4
6;EXTRAÄ«O DE PETR‡LEO E GµS NATURAL;
06.0;Extraá∆o de petr¢leo e g†s natural;
06.00-0;Extraá∆o de petr¢leo e g†s natural;4
7;EXTRAÄ«O DE MINERAIS METµLICOS;
07.1;Extraá∆o de minÇrio de ferro;
07.10-3;Extraá∆o de minÇrio de ferro;4
07.2;Extraá∆o de minerais met†licos n∆o ferrosos;
07.21-9;Extraá∆o de minÇrio de alum°nio;4
07.22-7;Extraá∆o de minÇrio de estanho;4
07.23-5;Extraá∆o de minÇrio de manganàs;4
07.24-3;Extraá∆o de minÇrio de metais preciosos;4
07.25-1;Extraá∆o de minerais radioativos;4
07.29-4;Extraá∆o de minerais met†licos n∆o ferrosos n∆o especificados anteriormente;4
8;EXTRAÄ«O DE MINERAIS N«O METµLICOS;
08.1;Extraá∆o de pedra, areia e argila;
08.10-0;Extraá∆o de pedra, areia e argila;4
08.9;Extraá∆o de outros minerais n∆o met†licos;
08.91-6;Extraá∆o de minerais para fabricaá∆o de adubos, fertilizantes e outros produtos qu°micos;4
08.92-4;Extraá∆o e refino de sal marinho e sal-gema;4
08.93-2;Extraá∆o de gemas (pedras preciosas e semipreciosas);4
08.99-1;Extraá∆o de minerais n∆o met†licos n∆o especificados anteriormente;4
9;ATIVIDADES DE APOIO ∑ EXTRAÄ«O DE MINERAIS;
09.1;Atividades de apoio Ö extraá∆o de petr¢leo e g†s natural;
09.10-6;Atividades de apoio Ö extraá∆o de petr¢leo e g†s natural;4
09.9;Atividades de apoio Ö extraá∆o de minerais, exceto petr¢leo e g†s natural;
09.90-4;Atividades de apoio Ö extraá∆o de minerais, exceto petr¢leo e g†s natural;4
C;INDÈSTRIAS DE TRANSFORMAÄ«O;
10;FABRICAÄ«O DE PRODUTOS ALIMENT÷CIOS;
10.1;Abate e fabricaá∆o de produtos de carne;
10.11-2;Abate de reses, exceto su°nos;3
10.12-1;Abate de su°nos, aves e outros pequenos animais;3
10.13-9;Fabricaá∆o de produtos de carne;3
10.2;Preservaá∆o do pescado e fabricaá∆o de produtos do pescado;
10.20-1;Preservaá∆o do pescado e fabricaá∆o de produtos do pescado;3
10.3;Fabricaá∆o de conservas de frutas, legumes e outros vegetais;
10.31-7;Fabricaá∆o de conservas de frutas;3
10.32-5;Fabricaá∆o de conservas de legumes e outros vegetais;3
10.33-3;Fabricaá∆o de sucos de frutas, hortaliáas e legumes;3
10.4;Fabricaá∆o de ¢leos e gorduras vegetais e animais;
10.41-4;Fabricaá∆o de ¢leos vegetais em bruto, exceto ¢leo de milho;3
10.42-2;Fabricaá∆o de ¢leos vegetais refinados, exceto ¢leo de milho;3
10.43-1;Fabricaá∆o de margarina e outras gorduras vegetais e de ¢leos n∆o comest°veis de animais;3
10.5;Latic°nios;
10.51-1;Preparaá∆o do leite;3
10.52-0;Fabricaá∆o de latic°nios;3
10.53-8;Fabricaá∆o de sorvetes e outros gelados comest°veis;3
10.6;Moagem, fabricaá∆o de produtos amil†ceos e de alimentos para animais;
10.61-9;Beneficiamento de arroz e fabricaá∆o de produtos do arroz;3
10.62-7;Moagem de trigo e fabricaá∆o de derivados;3
10.63-5;Fabricaá∆o de farinha de mandioca e derivados;3
10.64-3;Fabricaá∆o de farinha de milho e derivados, exceto ¢leos de milho;3
10.65-1;Fabricaá∆o de amidos e fÇculas de vegetais e de ¢leos de milho;3
10.66-0;Fabricaá∆o de alimentos para animais;3
10.69-4;Moagem e fabricaá∆o de produtos de origem vegetal n∆o especificados;
anteriormente;3;
10.7;Fabricaá∆o e refino de aá£car;
10.71-6;Fabricaá∆o de aá£car em bruto;3
10.72-4;Fabricaá∆o de aá£car refinado;3
10.8;Torrefaá∆o e moagem de cafÇ;
10.81-3;Torrefaá∆o e moagem de cafÇ;3
10.82-1;Fabricaá∆o de produtos Ö base de cafÇ;3
10.9;Fabricaá∆o de outros produtos aliment°cios;
10.91-1;Fabricaá∆o de produtos de panificaá∆o;3
10.92-9;Fabricaá∆o de biscoitos e bolachas;3
10.93-7;Fabricaá∆o de produtos derivados do cacau, de chocolates e confeitos;3
10.94-5;Fabricaá∆o de massas aliment°cias;3
10.95-3;Fabricaá∆o de especiarias, molhos, temperos e condimentos;3
10.96-1;Fabricaá∆o de alimentos e pratos prontos;3
10.99-6;Fabricaá∆o de produtos aliment°cios n∆o especificados anteriormente;3
11;FABRICAÄ«O DE BEBIDAS;
11.1;Fabricaá∆o de bebidas alco¢licas;
11.11-9;Fabricaá∆o de aguardentes e outras bebidas destiladas;3
11.12-7;Fabricaá∆o de vinho;3
11.13-5;Fabricaá∆o de malte, cervejas e chopes;3
11.2;Fabricaá∆o de bebidas n∆o alco¢licas;
11.21-6;Fabricaá∆o de †guas envasadas;3
11.22-4;Fabricaá∆o de refrigerantes e de outras bebidas n∆o alco¢licas;3
12;FABRICAÄ«O DE PRODUTOS DO FUMO;
12.1;Processamento industrial do fumo;
12.10-7;Processamento industrial do fumo;3
12.2;Fabricaá∆o de produtos do fumo;
12.20-4;Fabricaá∆o de produtos do fumo;3
13;FABRICAÄ«O DE PRODUTOS T“XTEIS;
13.1;Preparaá∆o e fiaá∆o de fibras tàxteis;
13.11-1;Preparaá∆o e fiaá∆o de fibras de algod∆o;3
13.12-0;Preparaá∆o e fiaá∆o de fibras tàxteis naturais, exceto algod∆o;3
13.13-8;Fiaá∆o de fibras artificiais e sintÇticas;3
13.14-6;Fabricaá∆o de linhas para costurar e bordar;3
13.2;Tecelagem, exceto malha;
13.21-9;Tecelagem de fios de algod∆o;3
13.22-7;Tecelagem de fios de fibras tàxteis naturais, exceto algod∆o;3
13.23-5;Tecelagem de fios de fibras artificiais e sintÇticas;3
13.3;Fabricaá∆o de tecidos de malha;
13.30-8;Fabricaá∆o de tecidos de malha;3
13.4;Acabamentos em fios, tecidos e artefatos tàxteis;
13.40-5;Acabamentos em fios, tecidos e artefatos tàxteis;3
13.5;Fabricaá∆o de artefatos tàxteis, exceto vestu†rio;
13.51-1;Fabricaá∆o de artefatos tàxteis para uso domÇstico;3
13.52-9;Fabricaá∆o de artefatos de tapeáaria;3
13.53-7;Fabricaá∆o de artefatos de cordoaria;3
13.54-5;Fabricaá∆o de tecidos especiais, inclusive artefatos;3
13.59-6;Fabricaá∆o de outros produtos tàxteis n∆o especificados anteriormente;3
14;CONFECÄ«O DE ARTIGOS DO VESTUµRIO E ACESS‡RIOS;
14.1;Confecá∆o de artigos do vestu†rio e acess¢rios;
14.11-8;Confecá∆o de roupas °ntimas;2
14.12-6;Confecá∆o de peáas do vestu†rio, exceto roupas °ntimas;2
14.13-4;Confecá∆o de roupas profissionais;2
14.14-2;Fabricaá∆o de acess¢rios do vestu†rio, exceto para seguranáa e proteá∆o;2
14.2;Fabricaá∆o de artigos de malharia e tricotagem;
14.21-5;Fabricaá∆o de meias;2
14.22-3;Fabricaá∆o de artigos do vestu†rio, produzidos em malharias e tricotagens, exceto meias;2
15;PREPARAÄ«O DE COUROS E FABRICAÄ«O DE ARTEFATOS DE COURO, ARTIGOS PARA VIAGEM E CALÄADOS;
15.1;Curtimento e outras preparaá‰es de couro;
15.10-6;Curtimento e outras preparaá‰es de couro;3
15.2;Fabricaá∆o de artigos para viagem e de artefatos diversos de couro;
15.21-1;Fabricaá∆o de artigos para viagem, bolsas e semelhantes de qualquer material;2
15.29-7;Fabricaá∆o de artefatos de couro n∆o especificados anteriormente;2
15.3;Fabricaá∆o de caláados;
15.31-9;Fabricaá∆o de caláados de couro;3
15.32-7;Fabricaá∆o de tànis de qualquer material;3
15.33-5;Fabricaá∆o de caláados de material sintÇtico;3
15.39-4;Fabricaá∆o de caláados de materiais n∆o especificados anteriormente;3
15.4;Fabricaá∆o de partes para caláados, de qualquer material;
15.40-8;Fabricaá∆o de partes para caláados, de qualquer material;3
16;FABRICAÄ«O DE PRODUTOS DE MADEIRA;
16.1;Desdobramento de madeira;
16.10-2;Desdobramento de madeira;3
16.2;Fabricaá∆o de produtos de madeira, cortiáa e material tranáado, exceto m¢veis;
16.21-8;Fabricaá∆o de madeira laminada e de chapas de madeira compensada, prensada e aglomerada;3
16.22-6;Fabricaá∆o de estruturas de madeira e de artigos de carpintaria para construá∆o;3
16.23-4;Fabricaá∆o de artefatos de tanoaria e de embalagens de madeira;3
16.29-3;Fabricaá∆o de artefatos de madeira, palha, cortiáa, vime e material tranáado n∆o especificados anteriormente, exceto m¢veis;3
17;FABRICAÄ«O DE CELULOSE, PAPEL E PRODUTOS DE PAPEL;
17.1;Fabricaá∆o de celulose e outras pastas para a fabricaá∆o de papel;
17.10-9;Fabricaá∆o de celulose e outras pastas para a fabricaá∆o de papel;3
17.2;Fabricaá∆o de papel, cartolina e papel-cart∆o;
17.21-4;Fabricaá∆o de papel;3
17.22-2;Fabricaá∆o de cartolina e papel-cart∆o;3
17.3;Fabricaá∆o de embalagens de papel, cartolina, papel-cart∆o e papel∆o ondulado;
17.31-1;Fabricaá∆o de embalagens de papel;2
17.32-0;Fabricaá∆o de embalagens de cartolina e papel-cart∆o;2
17.33-8;Fabricaá∆o de chapas e de embalagens de papel∆o ondulado;2
17.4;Fabricaá∆o de produtos diversos de papel, cartolina, papel-cart∆o e papel∆o ondulado;
17.41-9;Fabricaá∆o de produtos de papel, cartolina, papel-cart∆o e papel∆o ondulado para uso comercial e de escrit¢rio;2
17.42-7;Fabricaá∆o de produtos de papel para usos domÇstico e higiànico-sanit†rio;2
17.49-4;Fabricaá∆o de produtos de pastas celul¢sicas, papel, cartolina, papel-cart∆o e papel∆o ondulado n∆o especificados anteriormente;2
18;IMPRESS«O E REPRODUÄ«O DE GRAVAÄÂES;
18.1;Atividade de impress∆o;
18.11-3;Impress∆o de jornais, livros, revistas e outras publicaá‰es peri¢dicas;3
18.12-1;Impress∆o de material de seguranáa;3
18.13-0;Impress∆o de materiais para outros usos;3
18.2;Serviáos de prÇ-impress∆o e acabamentos gr†ficos;
18.21-1;Serviáos de prÇ-impress∆o;3
18.22-9;Serviáos de acabamentos gr†ficos;3
18.3;Reproduá∆o de materiais gravados em qualquer suporte;
18.30-0;Reproduá∆o de materiais gravados em qualquer suporte;3
19;FABRICAÄ«O DE COQUE, DE PRODUTOS DERIVADOS DO PETR‡LEO E DE BIOCOMBUST÷VEIS;
19.1;Coquerias;
19.10-1;Coquerias;3
19.2;Fabricaá∆o de produtos derivados do petr¢leo;
19.21-7;Fabricaá∆o de produtos do refino de petr¢leo;3
19.22-5;Fabricaá∆o de produtos derivados do petr¢leo, exceto produtos do refino;3
19.3;Fabricaá∆o de biocombust°veis;
19.31-4;Fabricaá∆o de †lcool;3
19.32-2;Fabricaá∆o de biocombust°veis, exceto †lcool;3
20;FABRICAÄ«O DE PRODUTOS QU÷MICOS;
20.1;Fabricaá∆o de produtos qu°micos inorgÉnicos;
20.11-8;Fabricaá∆o de cloro e †lcalis;3
20.12-6;Fabricaá∆o de intermedi†rios para fertilizantes;3
20.13-4;Fabricaá∆o de adubos e fertilizantes;3
20.14-2;Fabricaá∆o de gases industriais;3
20.19-3;Fabricaá∆o de produtos qu°micos inorgÉnicos n∆o especificados anteriormente;3
20.2;Fabricaá∆o de produtos qu°micos orgÉnicos;
20.21-5;Fabricaá∆o de produtos petroqu°micos b†sicos;3
20.22-3;Fabricaá∆o de intermedi†rios para plastificantes, resinas e fibras;3
20.29-1;Fabricaá∆o de produtos qu°micos orgÉnicos n∆o especificados anteriormente;3
20.3;Fabricaá∆o de resinas e elastìmeros;
20.31-2;Fabricaá∆o de resinas termopl†sticas;3
20.32-1;Fabricaá∆o de resinas termofixas;3
20.33-9;Fabricaá∆o de elastìmeros;3
20.4;Fabricaá∆o de fibras artificiais e sintÇticas;
20.40-1;Fabricaá∆o de fibras artificiais e sintÇticas;3
20.5;Fabricaá∆o de defensivos agr°colas e desinfetantes domissanit†rios;
20.51-7;Fabricaá∆o de defensivos agr°colas;3
20.52-5;Fabricaá∆o de desinfetantes domissanit†rios;3
20.6;Fabricaá∆o de sab‰es, detergentes, produtos de limpeza, cosmÇticos, produtos de perfumaria e de higiene pessoal;
20.61-4;Fabricaá∆o de sab‰es e detergentes sintÇticos;3
20.62-2;Fabricaá∆o de produtos de limpeza e polimento;3
20.63-1;Fabricaá∆o de cosmÇticos, produtos de perfumaria e de higiene pessoal;2
20.7;Fabricaá∆o de tintas, vernizes, esmaltes, lacas e produtos afins;
20.71-1;Fabricaá∆o de tintas, vernizes, esmaltes e lacas;3
20.72-0;Fabricaá∆o de tintas de impress∆o;3
20.73-8;Fabricaá∆o de impermeabilizantes, solventes e produtos afins;3
20.9;Fabricaá∆o de produtos e preparados qu°micos diversos;
20.91-6;Fabricaá∆o de adesivos e selantes;3
20.92-4;Fabricaá∆o de explosivos;4
20.93-2;Fabricaá∆o de aditivos de uso industrial;3
20.94-1;Fabricaá∆o de catalisadores;3
20.99-1;Fabricaá∆o de produtos qu°micos n∆o especificados anteriormente;3
21.10-6;Fabricaá∆o de produtos farmoqu°micos;3
21.2;Fabricaá∆o de produtos farmacàuticos;
21.21-1;Fabricaá∆o de medicamentos para uso humano;3
21.22-0;Fabricaá∆o de medicamentos para uso veterin†rio;3
21.23-8;Fabricaá∆o de preparaá‰es farmacàuticas;3
22;FABRICAÄ«O DE PRODUTOS DE BORRACHA E DE MATERIAL PLµSTICO;
22.1;Fabricaá∆o de produtos de borracha;
22.11-1;Fabricaá∆o de pneum†ticos e de cÉmaras de ar;3
22.12-9;Reforma de pneum†ticos usados;3
22.19-6;Fabricaá∆o de artefatos de borracha n∆o especificados anteriormente;3
22.2;Fabricaá∆o de produtos de material pl†stico;
22.21-8;Fabricaá∆o de laminados planos e tubulares de material pl†stico;3
22.22-6;Fabricaá∆o de embalagens de material pl†stico;3
22.23-4;Fabricaá∆o de tubos e acess¢rios de material pl†stico para uso na construá∆o;3
22.29-3;Fabricaá∆o de artefatos de material pl†stico n∆o especificados anteriormente;3
23;FABRICAÄ«O DE PRODUTOS DE MINERAIS N«O METµLICOS;
23.1;Fabricaá∆o de vidro e de produtos do vidro;
23.11-7;Fabricaá∆o de vidro plano e de seguranáa;3
23.12-5;Fabricaá∆o de embalagens de vidro;3
23.19-2;Fabricaá∆o de artigos de vidro;3
23.2;Fabricaá∆o de cimento;
23.20-6;Fabricaá∆o de cimento;4
23.3;Fabricaá∆o de artefatos de concreto, cimento, fibrocimento, gesso e materiais semelhantes;
23.30-3;Fabricaá∆o de artefatos de concreto, cimento, fibrocimento, gesso e materiais semelhantes;4
23.4;Fabricaá∆o de produtos cerÉmicos;
23.41-9;Fabricaá∆o de produtos cerÉmicos refrat†rios;4
23.42-7;Fabricaá∆o de produtos cerÉmicos n∆o-refrat†rios para uso estrutural na construá∆o;3
23.49-4;Fabricaá∆o de produtos cerÉmicos n∆o refrat†rios n∆o especificados anteriormente;4
23.9;Aparelhamento de pedras e fabricaá∆o de outros produtos de minerais n∆o met†licos;
23.91-5;Aparelhamento e outros trabalhos em pedras;3
23.92-3;Fabricaá∆o de cal e gesso;4
23.99-1;Fabricaá∆o de produtos de minerais n∆o met†licos n∆o especificados anteriormente;3
24;METALURGIA;
24.1;Produá∆o de ferro-gusa e de ferroligas;
24.11-3;Produá∆o de ferro-gusa;4
24.12-1;Produá∆o de ferroligas;4
24.2;Siderurgia;
24.21-1;Produá∆o de semi-acabados de aáo;4
24.22-9;Produá∆o de laminados planos de aáo;4
24.23-7;Produá∆o de laminados longos de aáo;4
24.24-5;Produá∆o de relaminados, trefilados e perfilados de aáo;4
24.3;Produá∆o de tubos de aáo, exceto tubos sem costura;
24.31-8;Produá∆o de tubos de aáo com costura;4
24.39-3;Produá∆o de outros tubos de ferro e aáo;4
24.4;Metalurgia dos metais n∆o-ferrosos;
24.41-5;Metalurgia do alum°nio e suas ligas;4
24.42-3;Metalurgia dos metais preciosos;4
24.43-1;Metalurgia do cobre;4
24.49-1;Metalurgia dos metais n∆o-ferrosos e suas ligas n∆o especificados anteriormente;4
24.5;Fundiá∆o;
24.51-2;Fundiá∆o de ferro e aáo;4
24.52-1;Fundiá∆o de metais n∆o-ferrosos e suas ligas;4
25;FABRICAÄ«O DE PRODUTOS DE METAL, EXCETO MµQUINAS E EQUIPAMENTOS;
25.1;Fabricaá∆o de estruturas met†licas e obras de caldeiraria pesada;
25.11-0;Fabricaá∆o de estruturas met†licas;4
25.12-8;Fabricaá∆o de esquadrias de metal;3
25.13-6;Fabricaá∆o de obras de caldeiraria pesada;3
25.2;Fabricaá∆o de tanques, reservat¢rios met†licos e caldeiras;
25.21-7;Fabricaá∆o de tanques, reservat¢rios met†licos e caldeiras para aquecimento central;3
25.22-5;Fabricaá∆o de caldeiras geradoras de vapor, exceto para aquecimento central e para ve°culos;3
25.3;Forjaria, estamparia, metalurgia do p¢ e serviáos de tratamento de metais;
25.31-4;Produá∆o de forjados de aáo e de metais n∆o-ferrosos e suas ligas;4
25.32-2;"Produá∆o de artefatos estampados de metal; metalurgia do p¢";4
25.39-0;Serviáos de usinagem, solda, tratamento e revestimento em metais;4
25.4;Fabricaá∆o de artigos de cutelaria, de serralheria e ferramentas;
25.41-1;Fabricaá∆o de artigos de cutelaria;3
25.42-0;Fabricaá∆o de artigos de serralheria, exceto esquadrias;3
25.43-8;Fabricaá∆o de ferramentas;3
25.5;Fabricaá∆o de equipamento bÇlico pesado, armas de fogo e muniá‰es;
25.50-1;Fabricaá∆o de equipamento bÇlico pesado, armas de fogo e muniá‰es;4
25.9;Fabricaá∆o de produtos de metal n∆o especificados anteriormente;
25.91-8;Fabricaá∆o de embalagens met†licas;3
25.92-6;Fabricaá∆o de produtos de trefilados de metal;4
25.93-4;Fabricaá∆o de artigos de metal para uso domÇstico e pessoal;3
25.99-3;Fabricaá∆o de produtos de metal n∆o especificados anteriormente;3
26;FABRICAÄ«O DE EQUIPAMENTOS DE INFORMµTICA, PRODUTOS ELETR‚NICOS E ‡PTICOS;
26.1;Fabricaá∆o de componentes eletrìnicos;
26.10-8;Fabricaá∆o de componentes eletrìnicos;3
26.2;Fabricaá∆o de equipamentos de inform†tica e perifÇricos;
26.21-3;Fabricaá∆o de equipamentos de inform†tica;3
26.22-1;Fabricaá∆o de perifÇricos para equipamentos de inform†tica;3
26.3;Fabricaá∆o de equipamentos de comunicaá∆o;
26.31-1;Fabricaá∆o de equipamentos transmissores de comunicaá∆o;3
26.32-9;Fabricaá∆o de aparelhos telefìnicos e de outros equipamentos de comunicaá∆o;3
26.4;Fabricaá∆o de aparelhos de recepá∆o, reproduá∆o, gravaá∆o e amplificaá∆o de †udio e v°deo;
26.40-0;Fabricaá∆o de aparelhos de recepá∆o, reproduá∆o, gravaá∆o e amplificaá∆o de †udio e v°deo;3
26.5;"Fabricaá∆o de aparelhos e instrumentos de medida, teste e controle; cronìmetros e rel¢gios";
26.51-5;Fabricaá∆o de aparelhos e equipamentos de medida, teste e controle;3
26.52-3;Fabricaá∆o de cronìmetros e rel¢gios;3
26.6;Fabricaá∆o de aparelhos eletromÇdicos e eletroterapàuticos e equipamentos de irradiaá∆o;
26.60-4;Fabricaá∆o de aparelhos eletromÇdicos e eletroterapàuticos e equipamentos de irradiaá∆o;3
26.7;Fabricaá∆o de equipamentos e instrumentos ¢pticos, fotogr†ficos e cinematogr†ficos;
26.70-1;Fabricaá∆o de equipamentos e instrumentos ¢pticos, fotogr†ficos e cinematogr†ficos;3
26.8;Fabricaá∆o de m°dias virgens, magnÇticas e ¢pticas;
26.80-9;Fabricaá∆o de m°dias virgens, magnÇticas e ¢pticas;3
27;FABRICAÄ«O DE MµQUINAS, APARELHOS E MATERIAIS ELêTRICOS;
27.1;Fabricaá∆o de geradores, transformadores e motores elÇtricos;
27.10-4;Fabricaá∆o de geradores, transformadores e motores elÇtricos;3
27.2;Fabricaá∆o de pilhas, baterias e acumuladores elÇtricos;
27.21-0;Fabricaá∆o de pilhas, baterias e acumuladores elÇtricos, exceto para ve°culos automotores;3
27.22-8;Fabricaá∆o de baterias e acumuladores para ve°culos automotores;3
27.3;Fabricaá∆o de equipamentos para distribuiá∆o e controle de energia elÇtrica;
27.31-7;Fabricaá∆o de aparelhos e equipamentos para distribuiá∆o e controle de energia elÇtrica;3
27.32-5;Fabricaá∆o de material elÇtrico para instalaá‰es em circuito de consumo;3
27.33-3;Fabricaá∆o de fios, cabos e condutores elÇtricos isolados;3
27.4;Fabricaá∆o de lÉmpadas e outros equipamentos de iluminaá∆o;
27.40-6;Fabricaá∆o de lÉmpadas e outros equipamentos de iluminaá∆o;3
27.5;Fabricaá∆o de eletrodomÇsticos;
27.51-1;Fabricaá∆o de fog‰es, refrigeradores e m†quinas de lavar e secar para uso domÇstico;3
27.59-7;Fabricaá∆o de aparelhos eletrodomÇsticos n∆o especificados anteriormente;3
27.9;Fabricaá∆o de equipamentos e aparelhos elÇtricos n∆o especificados anteriormente;
27.90-2;Fabricaá∆o de equipamentos e aparelhos elÇtricos n∆o especificados anteriormente;3
28;FABRICAÄ«O DE MµQUINAS E EQUIPAMENTOS;
28.1;Fabricaá∆o de motores, bombas, compressores e equipamentos de transmiss∆o;
28.11-9;Fabricaá∆o de motores e turbinas, exceto para avi‰es e ve°culos rodovi†rios;3
28.12-7;Fabricaá∆o de equipamentos hidr†ulicos e pneum†ticos, exceto v†lvulas;3
28.13-5;Fabricaá∆o de v†lvulas, registros e dispositivos semelhantes;3
28.14-3;Fabricaá∆o de compressores;3
28.15-1;Fabricaá∆o de equipamentos de transmiss∆o para fins industriais;3
28.2;Fabricaá∆o de m†quinas e equipamentos de uso geral;
28.21-6;Fabricaá∆o de aparelhos e equipamentos para instalaá‰es tÇrmicas;3
28.22-4;Fabricaá∆o de m†quinas, equipamentos e aparelhos para transporte e elevaá∆o de cargas e pessoas;3
28.23-2;Fabricaá∆o de m†quinas e aparelhos de refrigeraá∆o e ventilaá∆o para uso industrial e comercial;3
28.24-1;Fabricaá∆o de aparelhos e equipamentos de ar condicionado;3
28.25-9;Fabricaá∆o de m†quinas e equipamentos para saneamento b†sico e ambiental;3
28.29-1;Fabricaá∆o de m†quinas e equipamentos de uso geral n∆o especificados anteriormente;3
28.3;Fabricaá∆o de tratores e de m†quinas e equipamentos para a agricultura e pecu†ria;
28.31-3;Fabricaá∆o de tratores agr°colas;3
28.32-1;Fabricaá∆o de equipamentos para irrigaá∆o agr°cola;3
28.33-0;Fabricaá∆o de m†quinas e equipamentos para a agricultura e pecu†ria, exceto para irrigaá∆o;3
28.4;Fabricaá∆o de m†quinas-ferramenta;
28.40-2;Fabricaá∆o de m†quinas-ferramenta;3
28.5;Fabricaá∆o de m†quinas e equipamentos de uso na extraá∆o mineral e na construá∆o;
28.51-8;Fabricaá∆o de m†quinas e equipamentos para a prospecá∆o e extraá∆o de petr¢leo;3
28.52-6;Fabricaá∆o de outras m†quinas e equipamentos para uso na extraá∆o mineral, exceto na extraá∆o de petr¢leo;3
28.53-4;Fabricaá∆o de tratores, exceto agr°colas;3
28.54-2;Fabricaá∆o de m†quinas e equipamentos para terraplenagem, pavimentaá∆o e construá∆o, exceto tratores;3
28.6;Fabricaá∆o de m†quinas e equipamentos de uso industrial espec°fico;
28.61-5;Fabricaá∆o de m†quinas para a ind£stria metal£rgica, exceto m†quinas-ferramenta;3
28.62-3;Fabricaá∆o de m†quinas e equipamentos para as ind£strias de alimentos, bebidas e fumo;3
28.63-1;Fabricaá∆o de m†quinas e equipamentos para a ind£stria tàxtil;3
28.64-0;Fabricaá∆o de m†quinas e equipamentos para as ind£strias do vestu†rio, do couro e de caláados;3
28.65-8;Fabricaá∆o de m†quinas e equipamentos para as ind£strias de celulose, papel e papel∆o e artefatos;3
28.66-6;Fabricaá∆o de m†quinas e equipamentos para a ind£stria do pl†stico;3
28.69-1;Fabricaá∆o de m†quinas e equipamentos para uso industrial espec°fico n∆o especificados anteriormente;3
29;FABRICAÄ«O DE VE÷CULOS AUTOMOTORES, REBOQUES E CARROCERIAS;
29.1;Fabricaá∆o de autom¢veis, camionetas e utilit†rios;
29.10-7;Fabricaá∆o de autom¢veis, camionetas e utilit†rios;3
29.2;Fabricaá∆o de caminh‰es e ìnibus;
29.20-4;Fabricaá∆o de caminh‰es e ìnibus;3
29.3;Fabricaá∆o de cabines, carrocerias e reboques para ve°culos automotores;
29.30-1;Fabricaá∆o de cabines, carrocerias e reboques para ve°culos automotores;3
29.4;Fabricaá∆o de peáas e acess¢rios para ve°culos automotores;
29.41-7;Fabricaá∆o de peáas e acess¢rios para o sistema motor de ve°culos automotores;3
29.42-5;Fabricaá∆o de peáas e acess¢rios para os sistemas de marcha e transmiss∆o de ve°culos automotores;3
29.43-3;Fabricaá∆o de peáas e acess¢rios para o sistema de freios de ve°culos automotores;3
29.44-1;Fabricaá∆o de peáas e acess¢rios para o sistema de direá∆o e suspens∆o de ve°culos automotores;3
29.45-0;Fabricaá∆o de material elÇtrico e eletrìnico para ve°culos automotores, exceto baterias;3
29.49-2;Fabricaá∆o de peáas e acess¢rios para ve°culos automotores n∆o especificados anteriormente;3
29.5;Recondicionamento e recuperaá∆o de motores para ve°culos automotores;
29.50-6;Recondicionamento e recuperaá∆o de motores para ve°culos automotores;3
30;FABRICAÄ«O DE OUTROS EQUIPAMENTOS DE TRANSPORTE, EXCETO VE÷CULOS AUTOMOTORES;
30.1;Construá∆o de embarcaá‰es;
30.11-3;Construá∆o de embarcaá‰es e estruturas flutuantes;3
30.12-1;Construá∆o de embarcaá‰es para esporte e lazer;3
30.3;Fabricaá∆o de ve°culos ferrovi†rios;
30.31-8;Fabricaá∆o de locomotivas, vag‰es e outros materiais rodantes;3
30.32-6;Fabricaá∆o de peáas e acess¢rios para ve°culos ferrovi†rios;3
30.4;Fabricaá∆o de aeronaves;
30.41-5;Fabricaá∆o de aeronaves;3
30.42-3;Fabricaá∆o de turbinas, motores e outros componentes e peáas para aeronaves;3
30.5;Fabricaá∆o de ve°culos militares de combate;
30.50-4;Fabricaá∆o de ve°culos militares de combate;3
30.9;Fabricaá∆o de equipamentos de transporte n∆o especificados anteriormente;
30.91-1;Fabricaá∆o de motocicletas;3
30.92-0;Fabricaá∆o de bicicletas e triciclos n∆o motorizados;3
30.99-7;Fabricaá∆o de equipamentos de transporte n∆o especificados anteriormente;3
31;FABRICAÄ«O DE M‡VEIS;
31.0;Fabricaá∆o de m¢veis;
31.01-2;Fabricaá∆o de m¢veis com predominÉncia de madeira;3
31.02-1;Fabricaá∆o de m¢veis com predominÉncia de metal;3
31.03-9;Fabricaá∆o de m¢veis de outros materiais, exceto madeira e metal;3
31.04-7;Fabricaá∆o de colch‰es;2
32;FABRICAÄ«O DE PRODUTOS DIVERSOS;
32.1;Fabricaá∆o de artigos de joalheria, bijuteria e semelhantes;
32.11-6;Lapidaá∆o de gemas e fabricaá∆o de artefatos de ourivesaria e joalheria;3
32.12-4;Fabricaá∆o de bijuterias e artefatos semelhantes;3
32.2;Fabricaá∆o de instrumentos musicais;
32.20-5;Fabricaá∆o de instrumentos musicais;3
32.3;Fabricaá∆o de artefatos para pesca e esporte;
32.30-2;Fabricaá∆o de artefatos para pesca e esporte;3
32.4;Fabricaá∆o de brinquedos e jogos recreativos;
32.40-0;Fabricaá∆o de brinquedos e jogos recreativos;3
32.5;Fabricaá∆o de instrumentos e materiais para uso mÇdico e odontol¢gico e de artigos ¢pticos;
32.50-7;Fabricaá∆o de instrumentos e materiais para uso mÇdico e odontol¢gico e de artigos ¢pticos;3
32.9;Fabricaá∆o de produtos diversos;
32.91-4;Fabricaá∆o de escovas, pincÇis e vassouras;3
32.92-2;Fabricaá∆o de equipamentos e acess¢rios para seguranáa e proteá∆o pessoal e profissional;3
32.99-0;Fabricaá∆o de produtos diversos n∆o especificados anteriormente;3
33;MANUTENÄ«O, REPARAÄ«O E INSTALAÄ«O DE MµQUINAS E EQUIPAMENTOS;
33.1;Manutená∆o e reparaá∆o de m†quinas e equipamentos;
33.11-2;Manutená∆o e reparaá∆o de tanques, reservat¢rios met†licos e caldeiras, exceto para ve°culos;3
33.12-1;Manutená∆o e reparaá∆o de equipamentos eletrìnicos e ¢pticos;3
33.13-9;Manutená∆o e reparaá∆o de m†quinas e equipamentos elÇtricos;3
33.14-7;Manutená∆o e reparaá∆o de m†quinas e equipamentos da ind£stria mecÉnica;3
33.15-5;Manutená∆o e reparaá∆o de ve°culos ferrovi†rios;3
33.16-3;Manutená∆o e reparaá∆o de aeronaves;3
33.17-1;Manutená∆o e reparaá∆o de embarcaá‰es;3
33.19-8;Manutená∆o e reparaá∆o de equipamentos e produtos n∆o especificados anteriormente;3
33.2;Instalaá∆o de m†quinas e equipamentos;
33.21-0;Instalaá∆o de m†quinas e equipamentos industriais;3
33.29-5;Instalaá∆o de equipamentos n∆o especificados anteriormente;3
D;ELETRICIDADE E GµS;
35;ELETRICIDADE, GµS E OUTRAS UTILIDADES;
35.1;Geraá∆o, transmiss∆o e distribuiá∆o de energia elÇtrica;
35.11-5;Geraá∆o de energia elÇtrica;3
35.12-3;Transmiss∆o de energia elÇtrica;3
35.13-1;ComÇrcio atacadista de energia elÇtrica;3
35.14-0;Distribuiá∆o de energia elÇtrica;3
35.2;Produá∆o e distribuiá∆o de combust°veis gasosos por redes urbanas;
35.20-4;"Produá∆o de g†s; processamento de g†s natural; distribuiá∆o de combust°veis gasosos por redes urbanas";3
35.3;Produá∆o e distribuiá∆o de vapor, †gua quente e ar condicionado;
35.30-1;Produá∆o e distribuiá∆o de vapor, †gua quente e ar condicionado;3
E;µGUA, ESGOTO, ATIVIDADES DE GEST«O DE RES÷DUOS E DESCONTAMINAÄ«O;
36;CAPTAÄ«O, TRATAMENTO E DISTRIBUIÄ«O DE µGUA;
36.0;Captaá∆o, tratamento e distribuiá∆o de †gua;
36.00-6;Captaá∆o, tratamento e distribuiá∆o de †gua;3
37;ESGOTO E ATIVIDADES RELACIONADAS;
37.0;Esgoto e atividades relacionadas;
37.01-1;Gest∆o de redes de esgoto;3
37.02-9;Atividades relacionadas a esgoto, exceto a gest∆o de redes;3
38;"COLETA, TRATAMENTO E DISPOSIÄ«O DE RES÷DUOS; RECUPERAÄ«O DE MATERIAIS";
38.1;Coleta de res°duos;
38.11-4;Coleta de res°duos n∆o perigosos;3
38.12-2;Coleta de res°duos perigosos;3
38.2;Tratamento e disposiá∆o de res°duos;
38.21-1;Tratamento e disposiá∆o de res°duos n∆o perigosos;3
38.22-0;Tratamento e disposiá∆o de res°duos perigosos;3
38.3;Recuperaá∆o de materiais;
38.31-9;Recuperaá∆o de materiais met†licos;3
38.32-7;Recuperaá∆o de materiais pl†sticos;3
38.39-4;Recuperaá∆o de materiais n∆o especificados anteriormente;3
39;DESCONTAMINAÄ«O E OUTROS SERVIÄOS DE GEST«O DE RES÷DUOS;
39.0;Descontaminaá∆o e outros serviáos de gest∆o de res°duos;
39.00-5;Descontaminaá∆o e outros serviáos de gest∆o de res°duos;3
F;CONSTRUÄ«O;
41;CONSTRUÄ«O DE EDIF÷CIOS;
41.1;Incorporaá∆o de empreendimentos imobili†rios;
41.10-7;Incorporaá∆o de empreendimentos imobili†rios;1
41.2;Construá∆o de edif°cios;
41.20-4;Construá∆o de edif°cios;3
42;OBRAS DE INFRAESTRUTURA;
42.1;Construá∆o de rodovias, ferrovias, obras urbanas e obras-de-arte especiais;
42.11-1;Construá∆o de rodovias e ferrovias;4
42.12-0;Construá∆o de obras-de-arte especiais;4
42.13-8;Obras de urbanizaá∆o - ruas, praáas e caláadas;3
42.2;Obras de infraestrutura para energia elÇtrica, telecomunicaá‰es, †gua, esgoto e transporte por dutos;
42.21-9;Obras para geraá∆o e distribuiá∆o de energia elÇtrica e para telecomunicaá‰es;4
42.22-7;Construá∆o de redes de abastecimento de †gua, coleta de esgoto e construá‰es correlatas;4
42.23-5;Construá∆o de redes de transportes por dutos, exceto para †gua e esgoto;4
42.9;Construá∆o de outras obras de infraestrutura;
42.91-0;Obras portu†rias, mar°timas e fluviais;4
42.92-8;Montagem de instalaá‰es industriais e de estruturas met†licas;4
42.99-5;Obras de engenharia civil n∆o especificadas anteriormente;3
43;SERVIÄOS ESPECIALIZADOS PARA CONSTRUÄ«O;
43.1;Demoliá∆o e preparaá∆o do terreno;
43.11-8;Demoliá∆o e preparaá∆o de canteiros de obras;4
43.12-6;Perfuraá‰es e sondagens;4
43.13-4;Obras de terraplenagem;3
43.19-3;Serviáos de preparaá∆o do terreno n∆o especificados anteriormente;3
43.2;Instalaá‰es elÇtricas, hidr†ulicas e outras instalaá‰es em construá‰es;
43.21-5;Instalaá‰es elÇtricas;3
43.22-3;Instalaá‰es hidr†ulicas, de sistemas de ventilaá∆o e refrigeraá∆o;3
43.29-1;Obras de instalaá‰es em construá‰es n∆o especificadas anteriormente;3
43.3;Obras de acabamento;
43.30-4;Obras de acabamento;3
43.9;Outros serviáos especializados para construá∆o;
43.91-6;Obras de fundaá‰es;4
43.99-1;Serviáos especializados para construá∆o n∆o especificados anteriormente;3
G;"COMêRCIO; REPARAÄ«O DE VE÷CULOS AUTOMOTORES E MOTOCICLETAS";
45;COMêRCIO E REPARAÄ«O DE VE÷CULOS AUTOMOTORES E MOTOCICLETAS;
45.1;ComÇrcio de ve°culos automotores;
45.11-1;ComÇrcio a varejo e por atacado de ve°culos automotores;2
45.12-9;Representantes comerciais e agentes do comÇrcio de ve°culos automotores;2
45.2;Manutená∆o e reparaá∆o de ve°culos automotores;
45.20-0;Manutená∆o e reparaá∆o de ve°culos automotores;3
45.3;ComÇrcio de peáas e acess¢rios para ve°culos automotores;
45.30-7;ComÇrcio de peáas e acess¢rios para ve°culos automotores;2
45.4;ComÇrcio, manutená∆o e reparaá∆o de motocicletas, peáas e acess¢rios;
45.41-2;ComÇrcio por atacado e a varejo de motocicletas, peáas e acess¢rios;2
45.42-1;Representantes comerciais e agentes do comÇrcio de motocicletas, peáas e acess¢rios;2
45.43-9;Manutená∆o e reparaá∆o de motocicletas;3
46;COMêRCIO POR ATACADO, EXCETO VE÷CULOS AUTOMOTORES E MOTOCICLETAS;
46.1;Representantes comerciais e agentes do comÇrcio, exceto de ve°culos automotores e motocicletas;
46.11-7;Representantes comerciais e agentes do comÇrcio de matÇrias-primas agr°colas e animais vivos;2
46.12-5;Representantes comerciais e agentes do comÇrcio de combust°veis, minerais, produtos sider£rgicos e qu°micos;2
46.13-3;Representantes comerciais e agentes do comÇrcio de madeira, material de construá∆o e ferragens;2
46.14-1;Representantes comerciais e agentes do comÇrcio de m†quinas, equipamentos, embarcaá‰es e aeronaves;2
46.15-0;Representantes comerciais e agentes do comÇrcio de eletrodomÇsticos, m¢veis e artigos de uso domÇstico;2
46.16-8;Representantes comerciais e agentes do comÇrcio de tàxteis, vestu†rio, caláados e artigos de viagem;2
46.17-6;Representantes comerciais e agentes do comÇrcio de produtos aliment°cios, bebidas e fumo;2
46.18-4;Representantes comerciais e agentes do comÇrcio especializado em produtos n∆o especificados anteriormente;2
46.19-2;Representantes comerciais e agentes do comÇrcio de mercadorias em geral n∆o especializado;2
46.2;ComÇrcio atacadista de matÇrias-primas agr°colas e animais vivos;
46.21-4;ComÇrcio atacadista de cafÇ em gr∆o;2
46.22-2;ComÇrcio atacadista de soja;2
46.23-1;ComÇrcio atacadista de animais vivos, alimentos para animais e matÇrias-primas agr°colas, exceto cafÇ e soja;2
46.3;ComÇrcio atacadista especializado em produtos aliment°cios, bebidas e fumo;
46.31-1;ComÇrcio atacadista de leite e latic°nios;2
46.32-0;ComÇrcio atacadista de cereais e leguminosas beneficiados, farinhas, amidos e fÇculas;2
46.33-8;ComÇrcio atacadista de hortifrutigranjeiros;2
46.34-6;ComÇrcio atacadista de carnes, produtos da carne e pescado;2
46.35-4;ComÇrcio atacadista de bebidas;2
46.36-2;ComÇrcio atacadista de produtos do fumo;2
46.37-1;ComÇrcio atacadista especializado em produtos aliment°cios n∆o especificados anteriormente;2
46.39-7;ComÇrcio atacadista de produtos aliment°cios em geral;2
46.4;ComÇrcio atacadista de produtos de consumo n∆o alimentar;
46.41-9;ComÇrcio atacadista de tecidos, artefatos de tecidos e de armarinho;2
46.42-7;ComÇrcio atacadista de artigos do vestu†rio e acess¢rios;2
46.43-5;ComÇrcio atacadista de caláados e artigos de viagem;2
46.44-3;ComÇrcio atacadista de produtos farmacàuticos para uso humano e veterin†rio;2
46.45-1;ComÇrcio atacadista de instrumentos e materiais para uso mÇdico, cir£rgico, ortopÇdico e odontol¢gico;2
46.46-0;ComÇrcio atacadista de cosmÇticos, produtos de perfumaria e de higiene pessoal;2
46.47-8;"ComÇrcio atacadista de artigos de escrit¢rio e de papelaria; livros, jornais e outras publicaá‰es";2
46.49-4;ComÇrcio atacadista de equipamentos e artigos de uso pessoal e domÇstico n∆o especificados anteriormente;2
46.5;ComÇrcio atacadista de equipamentos e produtos de tecnologias de informaá∆o e comunicaá∆o;
46.51-6;ComÇrcio atacadista de computadores, perifÇricos e suprimentos de inform†tica;3
46.52-4;ComÇrcio atacadista de componentes eletrìnicos e equipamentos de telefonia e comunicaá∆o;3
46.6;ComÇrcio atacadista de m†quinas, aparelhos e equipamentos, exceto de tecnologias de informaá∆o e comunicaá∆o;
46.61-3;"ComÇrcio atacadista de m†quinas, aparelhos e equipamentos para uso agropecu†rio; partes e peáas";3
46.62-1;"ComÇrcio atacadista de m†quinas, equipamentos para terraplenagem, mineraá∆o e construá∆o; partes e peáas";3
46.63-0;"ComÇrcio atacadista de m†quinas e equipamentos para uso industrial; partes e peáas";3
46.64-8;"ComÇrcio atacadista de m†quinas, aparelhos e equipamentos para uso odonto-mÇdico-hospitalar; partes e peáas";3
46.65-6;"ComÇrcio atacadista de m†quinas e equipamentos para uso comercial; partes e peáas";3
46.69-9;"ComÇrcio atacadista de m†quinas, aparelhos e equipamentos n∆o especificados anteriormente; partes e peáas";3
46.7;ComÇrcio atacadista de madeira, ferragens, ferramentas, material elÇtrico e material de construá∆o;
46.71-1;ComÇrcio atacadista de madeira e produtos derivados;3
46.72-9;ComÇrcio atacadista de ferragens e ferramentas;3
46.73-7;ComÇrcio atacadista de material elÇtrico;3
46.74-5;ComÇrcio atacadista de cimento;3
46.79-6;ComÇrcio atacadista especializado de materiais de construá∆o n∆o especificados anteriormente e de materiais de construá∆o em geral;3
46.8;ComÇrcio atacadista especializado em outros produtos;
46.81-8;ComÇrcio atacadista de combust°veis s¢lidos, l°quidos e gasosos, exceto g†s natural e GLP;3
46.82-6;ComÇrcio atacadista de g†s liquefeito de petr¢leo (GLP);3
46.83-4;ComÇrcio atacadista de defensivos agr°colas, adubos, fertilizantes e corretivos do solo;3
46.84-2;ComÇrcio atacadista de produtos qu°micos e petroqu°micos, exceto agroqu°micos;3
46.85-1;ComÇrcio atacadista de produtos sider£rgicos e metal£rgicos, exceto para construá∆o;3
46.86-9;ComÇrcio atacadista de papel e papel∆o em bruto e de embalagens;3
46.87-7;ComÇrcio atacadista de res°duos e sucatas;3
46.89-3;ComÇrcio atacadista especializado de outros produtos intermedi†rios n∆o especificados anteriormente;3
46.9;ComÇrcio atacadista n∆o especializado;
46.91-5;ComÇrcio atacadista de mercadorias em geral, com predominÉncia de produtos aliment°cios;2
46.92-3;ComÇrcio atacadista de mercadorias em geral, com predominÉncia de insumos agropecu†rios;2
46.93-1;ComÇrcio atacadista de mercadorias em geral, sem predominÉncia de alimentos ou de insumos agropecu†rios;2
47;COMêRCIO VAREJISTA;
47.1;ComÇrcio varejista n∆o especializado;
47.11-3;ComÇrcio varejista de mercadorias em geral, com predominÉncia de produtos aliment°cios - hipermercados e supermercados;2
47.12-1;ComÇrcio varejista de mercadorias em geral, com predominÉncia de produtos aliment°cios - minimercados, mercearias e armazÇns;2
47.13-0;ComÇrcio varejista de mercadorias em geral, sem predominÉncia de produtos aliment°cios;2
47.2;ComÇrcio varejista de produtos aliment°cios, bebidas e fumo;
47.21-1;ComÇrcio varejista de produtos de padaria, latic°nio, doces, balas e semelhantes;2
47.22-9;ComÇrcio varejista de carnes e pescados - aáougues e peixarias;3
47.23-7;ComÇrcio varejista de bebidas;2
47.24-5;ComÇrcio varejista de hortifrutigranjeiros;2
47.29-6;"ComÇrcio varejista de produtos aliment°cios em geral ou especializado em produtos aliment°cios n∆o especificados anteriormente; produtos do fumo";2
47.3;ComÇrcio varejista de combust°veis para ve°culos automotores;
47.31-8;ComÇrcio varejista de combust°veis para ve°culos automotores;3
47.32-6;ComÇrcio varejista de lubrificantes;3
47.4;ComÇrcio varejista de material de construá∆o;
47.41-5;ComÇrcio varejista de tintas e materiais para pintura;2
47.42-3;ComÇrcio varejista de material elÇtrico;1
47.43-1;ComÇrcio varejista de vidros;2
47.44-0;ComÇrcio varejista de ferragens, madeira e materiais de construá∆o;2
47.5;"ComÇrcio varejista de equipamentos de inform†tica e comunicaá∆o; equipamentos e artigos de uso domÇstico";
47.51-2;ComÇrcio varejista especializado de equipamentos e suprimentos de inform†tica;1
47.52-1;ComÇrcio varejista especializado de equipamentos de telefonia e comunicaá∆o;1
47.53-9;ComÇrcio varejista especializado de eletrodomÇsticos e equipamentos de †udio e v°deo;1
47.54-7;ComÇrcio varejista especializado de m¢veis, colchoaria e artigos de iluminaá∆o;1
47.55-5;ComÇrcio varejista especializado de tecidos e artigos de cama, mesa e banho;1
47.56-3;ComÇrcio varejista especializado de instrumentos musicais e acess¢rios;1
47.57-1;ComÇrcio varejista especializado de peáas e acess¢rios para aparelhos eletroeletrìnicos para uso domÇstico, exceto inform†tica e comunicaá∆o;1
47.59-8;ComÇrcio varejista de artigos de uso domÇstico n∆o especificados anteriormente;1
47.6;ComÇrcio varejista de artigos culturais, recreativos e esportivos;
47.61-0;ComÇrcio varejista de livros, jornais, revistas e papelaria;1
47.62-8;ComÇrcio varejista de discos, CDs, DVDs e fitas;1
47.63-6;ComÇrcio varejista de artigos recreativos e esportivos;1
47.7;ComÇrcio varejista de produtos farmacàuticos, perfumaria e cosmÇticos e artigos mÇdicos, ¢pticos e ortopÇdicos;
47.71-7;ComÇrcio varejista de produtos farmacàuticos para uso humano e veterin†rio;2
47.72-5;ComÇrcio varejista de cosmÇticos, produtos de perfumaria e de higiene pessoal;1
47.73-3;ComÇrcio varejista de artigos mÇdicos e ortopÇdicos;1
47.74-1;ComÇrcio varejista de artigos de ¢ptica;1
47.8;ComÇrcio varejista de produtos novos n∆o especificados anteriormente e de produtos usados;
47.81-4;ComÇrcio varejista de artigos do vestu†rio e acess¢rios;1
47.82-2;ComÇrcio varejista de caláados e artigos de viagem;1
47.83-1;ComÇrcio varejista de joias e rel¢gios;1
47.84-9;ComÇrcio varejista de g†s liquefeito de petr¢leo (GLP);3
47.85-7;ComÇrcio varejista de artigos usados;2
47.89-0;ComÇrcio varejista de outros produtos novos n∆o especificados anteriormente;1
47.9;ComÇrcio ambulante e outros tipos de comÇrcio varejista;
47.90-3;ComÇrcio ambulante e outros tipos de comÇrcio varejista;2
H;TRANSPORTE, ARMAZENAGEM E CORREIO;
49;TRANSPORTE TERRESTRE;
49.1;Transporte ferrovi†rio e metro ferrovi†rio;
49.11-6;Transporte ferrovi†rio de carga;3
49.12-4;Transporte metro ferrovi†rio de passageiros;3
49.2;Transporte rodovi†rio de passageiros;
49.21-3;Transporte rodovi†rio coletivo de passageiros, com itiner†rio fixo, municipal e em regi∆o metropolitana;3
49.22-1;Transporte rodovi†rio coletivo de passageiros, com itiner†rio fixo, intermunicipal, interestadual e internacional;3
49.23-0;Transporte rodovi†rio de t†xi;3
49.24-8;Transporte escolar;3
49.29-9;Transporte rodovi†rio coletivo de passageiros, sob regime de fretamento, e outros transportes rodovi†rios n∆o especificados anteriormente;3
49.3;Transporte rodovi†rio de carga;
49.30-2;Transporte rodovi†rio de carga;3
49.4;Transporte dutovi†rio;
49.40-0;Transporte dutovi†rio;3
49.5;Trens tur°sticos, telefÇricos e similares;
49.50-7;Trens tur°sticos, telefÇricos e similares;3
50;TRANSPORTE AQUAVIµRIO;
50.1;Transporte mar°timo de cabotagem e longo curso;
50.11-4;Transporte mar°timo de cabotagem;3
50.12-2;Transporte mar°timo de longo curso;3
50.2;Transporte por navegaá∆o interior;
50.21-1;Transporte por navegaá∆o interior de carga;3
50.22-0;Transporte por navegaá∆o interior de passageiros em linhas regulares;3
50.3;Navegaá∆o de apoio;
50.30-1;Navegaá∆o de apoio;3
50.9;Outros transportes aquavi†rios;
50.91-2;Transporte por navegaá∆o de travessia;3
50.99-8;Transportes aquavi†rios n∆o especificados anteriormente;3
51;TRANSPORTE AêREO;
51.1;Transporte aÇreo de passageiros;
51.11-1;Transporte aÇreo de passageiros regular;3
51.12-9;Transporte aÇreo de passageiros n∆o regular;3
51.2;Transporte aÇreo de carga;
51.20-0;Transporte aÇreo de carga;3
51.3;Transporte espacial;
51.30-7;Transporte espacial;3
52;ARMAZENAMENTO E ATIVIDADES AUXILIARES DOS TRANSPORTES;
52.1;Armazenamento, carga e descarga;
52.11-7;Armazenamento;3
52.12-5;Carga e descarga;3
52.2;Atividades auxiliares dos transportes terrestres;
52.21-4;Concession†rias de rodovias, pontes, t£neis e serviáos relacionados;3
52.22-2;Terminais rodovi†rios e ferrovi†rios;3
52.23-1;Estacionamento de ve°culos;3
52.29-0;Atividades auxiliares dos transportes terrestres n∆o especificadas anteriormente;3
52.3;Atividades auxiliares dos transportes aquavi†rios;
52.31-1;Gest∆o de portos e terminais;3
52.32-0;Atividades de agenciamento mar°timo;3
52.39-7;Atividades auxiliares dos transportes aquavi†rios n∆o especificadas anteriormente;3
52.4;Atividades auxiliares dos transportes aÇreos;
52.40-1;Atividades auxiliares dos transportes aÇreos;3
52.5;Atividades relacionadas Ö organizaá∆o do transporte de carga;
52.50-8;Atividades relacionadas Ö organizaá∆o do transporte de carga;3
53;CORREIO E OUTRAS ATIVIDADES DE ENTREGA;
53.1;Atividades de Correio;
53.10-5;Atividades de Correio;2
53.2;Atividades de malote e de entrega;
53.20-2;Atividades de malote e de entrega;2
I;ALOJAMENTO E ALIMENTAÄ«O;
55;ALOJAMENTO;
55.1;HotÇis e similares;
55.10-8;HotÇis e similares;2
55.9;Outros tipos de alojamento n∆o especificados anteriormente;
55.90-6;Outros tipos de alojamento n∆o especificados anteriormente;2
56;ALIMENTAÄ«O;
56.1;Restaurantes e outros serviáos de alimentaá∆o e bebidas;
56.11-2;Restaurantes e outros estabelecimentos de serviáos de alimentaá∆o e bebidas;2
56.12-1;Serviáos ambulantes de alimentaá∆o;2
56.2;Serviáos de catering, bufà e outros serviáos de comida preparada;
56.20-1;Serviáos de catering, bufà e outros serviáos de comida preparada;2
J;INFORMAÄ«O E COMUNICAÄ«O;
58;EDIÄ«O E EDIÄ«O INTEGRADA ∑ IMPRESS«O;
58.1;Ediá∆o de livros, jornais, revistas e outras atividades de ediá∆o;
58.11-5;Ediá∆o de livros;3
58.12-3;Ediá∆o de jornais;3
58.13-1;Ediá∆o de revistas;3
58.19-1;Ediá∆o de cadastros, listas e outros produtos gr†ficos;3
58.2;Ediá∆o integrada Ö impress∆o de livros, jornais, revistas e outras publicaá‰es;
58.21-2;Ediá∆o integrada Ö impress∆o de livros;3
58.22-1;Ediá∆o integrada Ö impress∆o de jornais;3
58.23-9;Ediá∆o integrada Ö impress∆o de revistas;3
58.29-8;Ediá∆o integrada Ö impress∆o de cadastros, listas e outros produtos gr†ficos;3
59;"ATIVIDADES CINEMATOGRµFICAS, PRODUÄ«O DE V÷DEOS E DE PROGRAMAS DE TELEVIS«O; GRAVAÄ«O DE SOM E EDIÄ«O DE MÈSICA";
59.1;Atividades cinematogr†ficas, produá∆o de v°deos e de programas de televis∆o;
59.11-1;Atividades de produá∆o cinematogr†fica, de v°deos e de programas de televis∆o;2
59.12-0;Atividades de p¢s-produá∆o cinematogr†fica, de v°deos e de programas de televis∆o;2
59.13-8;Distribuiá∆o cinematogr†fica, de v°deo e de programas de televis∆o;2
59.14-6;Atividades de exibiá∆o cinematogr†fica;2
59.2;Atividades de gravaá∆o de som e de ediá∆o de m£sica;
59.20-1;Atividades de gravaá∆o de som e de ediá∆o de m£sica;2
60;ATIVIDADES DE RµDIO E DE TELEVIS«O;
60.1;Atividades de r†dio;
60.10-1;Atividades de r†dio;2
60.2;Atividades de televis∆o;
60.21-7;Atividades de televis∆o aberta;2
60.22-5;Programadoras e atividades relacionadas Ö televis∆o por assinatura;2
61;TELECOMUNICAÄÂES;
61.1;Telecomunicaá‰es por fio;
61.10-8;Telecomunicaá‰es por fio;2
61.2;Telecomunicaá‰es sem fio;
61.20-5;Telecomunicaá‰es sem fio 2;
61.3;Telecomunicaá‰es por satÇlite;
61.30-2;Telecomunicaá‰es por satÇlite;2
61.4;Operadoras de televis∆o por assinatura;
61.41-8;Operadoras de televis∆o por assinatura por cabo;2
61.42-6;Operadoras de televis∆o por assinatura por microondas;2
61.43-4;Operadoras de televis∆o por assinatura por satÇlite;2
61.9;Outras atividades de telecomunicaá‰es;
61.90-6;Outras atividades de telecomunicaá‰es;2
62;ATIVIDADES DOS SERVIÄOS DE TECNOLOGIA DA INFORMAÄ«O;
62.0;Atividades dos serviáos de tecnologia da informaá∆o;
62.01-5;Desenvolvimento de programas de computador sob encomenda;2
62.02-3;Desenvolvimento e licenciamento de programas de computador customiz†veis;2
62.03-1;Desenvolvimento e licenciamento de programas de computador n∆o-customiz†veis;2
62.04-0;Consultoria em tecnologia da informaá∆o;2
62.09-1;Suporte tÇcnico, manutená∆o e outros serviáos em tecnologia da informaá∆o;2
63;ATIVIDADES DE PRESTAÄ«O DE SERVIÄOS DE INFORMAÄ«O;
63.1;Tratamento de dados, hospedagem na internet e outras atividades relacionadas;
63.11-9;Tratamento de dados, provedores de serviáos de aplicaá∆o e serviáos de hospedagem na internet;2
63.19-4;Portais, provedores de conte£do e outros serviáos de informaá∆o na internet;2
63.9;Outras atividades de prestaá∆o de serviáos de informaá∆o;
63.91-7;Agàncias de not°cias;2
63.99-2;Outras atividades de prestaá∆o de serviáos de informaá∆o n∆o especificadas anteriormente;2
K;ATIVIDADES FINANCEIRAS, DE SEGUROS E SERVIÄOS RELACIONADOS;
64;ATIVIDADES DE SERVIÄOS FINANCEIROS;
64.1;Banco Central;1
64.10-7;Banco Central;1
64.2;Intermediaá∆o monet†ria - dep¢sitos Ö vista;
64.21-2;Bancos comerciais;1
64.22-1;Bancos m£ltiplos, com carteira comercial;1
64.23-9;Caixas econìmicas;1
64.24-7;CrÇdito cooperativo;1
64.3;Intermediaá∆o n∆o monet†ria - outros instrumentos de captaá∆o;
64.31-0;Bancos m£ltiplos, sem carteira comercial;1
64.32-8;Bancos de investimento;1
64.33-6;Bancos de desenvolvimento;1
64.34-4;Agàncias de fomento;1
64.35-2;CrÇdito imobili†rio;1
64.36-1;Sociedades de crÇdito, financiamento e investimento - financeiras;1
64.37-9;Sociedades de crÇdito ao microempreendedor;1
64.38-7;Bancos de cÉmbio e outras instituiá‰es de intermediaá∆o n∆o monet†ria;1
64.4;Arrendamento mercantil;
64.40-9;Arrendamento mercantil;1
64.5;Sociedades de capitalizaá∆o;
64.50-6;Sociedades de capitalizaá∆o;1
64.6;Atividades de sociedades de participaá∆o;
64.61-1;Holdings de instituiá‰es financeiras;1
64.62-0;Holdings de instituiá‰es n∆o financeiras;1
64.63-8;Outras sociedades de participaá∆o, exceto holdings;1
64.7;Fundos de investimento;
64.70-1;Fundos de investimento;1
64.9;Atividades de serviáos financeiros n∆o especificadas anteriormente;
64.91-3;Sociedades de fomento mercantil -ˇfactoring;1
64.92-1;Securitizaá∆o de crÇditos;1
64.93-0;Administraá∆o de cons¢rcios para aquisiá∆o de bens e direitos;1
64.99-9;Outras atividades de serviáos financeiros n∆o especificadas anteriormente;1
65;SEGUROS, RESSEGUROS, PREVID“NCIA COMPLEMENTAR E PLANOS DE SAÈDE;
65.1;Seguros de vida e n∆o-vida;
65.11-1;Seguros de vida;1
65.12-0;Seguros n∆o-vida;1
65.2;Seguros-sa£de;
65.20-1;Seguros-sa£de;1
65.3;Resseguros;
65.30-8;Resseguros;1
65.4;Previdància complementar;
65.41-3;Previdància complementar fechada;1
65.42-1;Previdància complementar aberta;1
65.5;Planos de sa£de;
65.50-2;Planos de sa£de;1
66;ATIVIDADES AUXILIARES DOS SERVIÄOS FINANCEIROS, SEGUROS, PREVID“NCIA COMPLEMENTAR E PLANOS DE SAÈDE;
66.1;Atividades auxiliares dos serviáos financeiros;
66.11-8;Administraá∆o de bolsas e mercados de balc∆o organizados;1
66.12-6;Atividades de intermedi†rios em transaá‰es de t°tulos, valores mobili†rios e mercadorias;1
66.13-4;Administraá∆o de cart‰es de crÇdito;1
66.19-3;Atividades auxiliares dos serviáos financeiros n∆o especificadas anteriormente;1
66.2;Atividades auxiliares dos seguros, da previdància complementar e dos planos de sa£de;
66.21-5;Avaliaá∆o de riscos e perdas;1
66.22-3;Corretores e agentes de seguros, de planos de previdància complementar e de sa£de;1
66.29-1;Atividades auxiliares dos seguros, da previdància complementar e dos planos de sa£de n∆o especificadas anteriormente;1
66.3;Atividades de administraá∆o de fundos por contrato ou comiss∆o;
66.30-4;Atividades de administraá∆o de fundos por contrato ou comiss∆o;1
L;ATIVIDADES IMOBILIµRIAS;
68;ATIVIDADES IMOBILIµRIAS;
68.1;Atividades imobili†rias de im¢veis pr¢prios;
68.10-2;Atividades imobili†rias de im¢veis pr¢prios;1
68.2;Atividades imobili†rias por contrato ou comiss∆o;
68.21-8;Intermediaá∆o na compra, venda e aluguel de im¢veis;1
68.22-6;Gest∆o e administraá∆o da propriedade imobili†ria;1
M;ATIVIDADES PROFISSIONAIS, CIENT÷FICAS E TêCNICAS;
69;ATIVIDADES JUR÷DICAS, DE CONTABILIDADE E DE AUDITORIA;
69.1;Atividades jur°dicas;
69.11-7;Atividades jur°dicas, exceto cart¢rios;1
69.12-5;Cart¢rios;1
69.2;Atividades de contabilidade, consultoria e auditoria cont†bil e tribut†ria;
69.20-6;Atividades de contabilidade, consultoria e auditoria cont†bil e tribut†ria;1
70;ATIVIDADES DE SEDES DE EMPRESAS E DE CONSULTORIA EM GEST«O EMPRESARIAL;
70.1;Sedes de empresas e unidades administrativas locais;
70.10-7;Sedes de empresas e unidades administrativas locais;1
70.2;Atividades de consultoria em gest∆o empresarial;
70.20-4;Atividades de consultoria em gest∆o empresarial;1
71;"SERVIÄOS DE ARQUITETURA E ENGENHARIA; TESTES E ANµLISES TêCNICAS";
71.1;Serviáos de arquitetura e engenharia e atividades tÇcnicas relacionadas;
71.11-1;Serviáos de arquitetura;1
71.12-0;Serviáos de engenharia;1
71.19-7;Atividades tÇcnicas relacionadas Ö arquitetura e engenharia;1
71.2;Testes e an†lises tÇcnicas;
71.20-1;Testes e an†lises tÇcnicas;2
72;PESQUISA E DESENVOLVIMENTO CIENT÷FICO;
72.1;Pesquisa e desenvolvimento experimental em ciàncias f°sicas e naturais;
72.10-0;Pesquisa e desenvolvimento experimental em ciàncias f°sicas e naturais;2
72.2;Pesquisa e desenvolvimento experimental em ciàncias sociais e humanas;
72.20-7;Pesquisa e desenvolvimento experimental em ciàncias sociais e humanas;2
73;PUBLICIDADE E PESQUISA DE MERCADO;
73.1;Publicidade;
73.11-4;Agàncias de publicidade;1
73.12-2;Agenciamento de espaáos para publicidade, exceto em ve°culos de comunicaá∆o;1
73.19-0;Atividades de publicidade n∆o especificadas anteriormente;1
73.2;Pesquisas de mercado e de opini∆o p£blica;
73.20-3;Pesquisas de mercado e de opini∆o p£blica;1
7475;OUTRAS ATIVIDADES PROFISSIONAIS, CIENT÷FICAS E TêCNICAS;
74.1;Design e decoraá∆o de interiores;
74.10-2;Design e decoraá∆o de interiores;1
74.2;Atividades fotogr†ficas e similares;
74.20-0;Atividades fotogr†ficas e similares 2;
74.9;Atividades profissionais, cient°ficas e tÇcnicas n∆o especificadas anteriormente;
74.90-1;Atividades profissionais, cient°ficas e tÇcnicas n∆o especificadas anteriormente;1
;ATIVIDADES VETERINµRIAS;
75.0;Atividades veterin†rias;
75.00-1;Atividades veterin†rias;3
N;ATIVIDADES ADMINISTRATIVAS E SERVIÄOS COMPLEMENTARES;
77;ALUGUêIS N«O IMOBILIµRIOS E GEST«O DE ATIVOS INTANG÷VEIS N«O FINANCEIROS;
77.1;Locaá∆o de meios de transporte sem condutor;
77.11-0;Locaá∆o de autom¢veis sem condutor;1
77.19-5;Locaá∆o de meios de transporte, exceto autom¢veis, sem condutor;1
77.2;Aluguel de objetos pessoais e domÇsticos;
77.21-7;Aluguel de equipamentos recreativos e esportivos;1
77.22-5;Aluguel de fitas de v°deo, DVDs e similares;1
77.23-3;Aluguel de objetos do vestu†rio, joias e acess¢rios;1
77.29-2;Aluguel de objetos pessoais e domÇsticos n∆o especificados anteriormente;1
77.3;Aluguel de m†quinas e equipamentos sem operador;
77.31-4;Aluguel de m†quinas e equipamentos agr°colas sem operador;1
77.32-2;Aluguel de m†quinas e equipamentos para construá∆o sem operador;1
77.33-1;Aluguel de m†quinas e equipamentos para escrit¢rio;1
77.39-0;Aluguel de m†quinas e equipamentos n∆o especificados anteriormente;1
77.4;Gest∆o de ativos intang°veis n∆o financeiros;
77.40-3;Gest∆o de ativos intang°veis n∆o financeiros;1
78;SELEÄ«O, AGENCIAMENTO E LOCAÄ«O DE M«O DE OBRA;
78.1;Seleá∆o e agenciamento de m∆o de obra;
78.10-8;Seleá∆o e agenciamento de m∆o de obra;1
78.2;Locaá∆o de m∆o de obra tempor†ria;
78.20-5;Locaá∆o de m∆o de obra tempor†ria;1
78.3;Fornecimento e gest∆o de recursos humanos para terceiros;
78.30-2;Fornecimento e gest∆o de recursos humanos para terceiros;1
79;AG“NCIAS DE VIAGENS, OPERADORES TUR÷STICOS E SERVIÄOS DE RESERVAS;
79.1;Agàncias de viagens e operadores tur°sticos;
79.11-2;Agàncias de viagens;1
79.12-1;Operadores tur°sticos;1
79.9;Serviáos de reservas e outros serviáos de turismo n∆o especificados anteriormente;
79.90-2;Serviáos de reservas e outros serviáos de turismo n∆o especificados anteriormente;1
80;ATIVIDADES DE VIGIL∂NCIA, SEGURANÄA E INVESTIGAÄ«O;
80.1;Atividades de vigilÉncia, seguranáa privada e transporte de valores;
80.11-1;Atividades de vigilÉncia e seguranáa privada;3
80.12-9;Atividades de transporte de valores;3
80.2;Atividades de monitoramento de sistemas de seguranáa;
80.20-0;Atividades de monitoramento de sistemas de seguranáa;3
80.3;Atividades de investigaá∆o particular;
80.30-7;Atividades de investigaá∆o particular;3
81;SERVIÄOS PARA EDIF÷CIOS E ATIVIDADES PAISAG÷STICAS;
81.1;Serviáos combinados para apoio a edif°cios;
81.11-7;Serviáos combinados para apoio a edif°cios, exceto condom°nios prediais;2
81.12-5;Condom°nios prediais;2
81.2;Atividades de limpeza;
81.21-4;Limpeza em prÇdios e em domic°lios;3
81.22-2;Imunizaá∆o e controle de pragas urbanas;3
81.29-0;Atividades de limpeza n∆o especificadas anteriormente;3
81.3;Atividades paisag°sticas;
81.30-3;Atividades paisag°sticas;1
82;SERVIÄOS DE ESCRIT‡RIO, DE APOIO ADMINISTRATIVO E OUTROS SERVIÄOS PRESTADOS ∑S EMPRESAS;
82.1;Serviáos de escrit¢rio e apoio administrativo;
82.11-3;Serviáos combinados de escrit¢rio e apoio administrativo;1
82.19-9;Fotoc¢pias, preparaá∆o de documentos e outros serviáos especializados de apoio administrativo;2
82.2;Atividades de teleatendimento;
82.20-2;Atividades de teleatendimento;2
82.3;Atividades de organizaá∆o de eventos, exceto culturais e esportivos;
82.30-0;Atividades de organizaá∆o de eventos, exceto culturais e esportivos;2
82.9;Outras atividades de serviáos prestados principalmente Ös empresas;
82.91-1;Atividades de cobranáa e informaá‰es cadastrais;2
82.92-0;Envasamento e empacotamento sob contrato;2
82.99-7;Atividades de serviáos prestados principalmente Ös empresas n∆o especificadas anteriormente;2
O;ADMINISTRAÄ«O PÈBLICA, DEFESA E SEGURIDADE SOCIAL;
84;ADMINISTRAÄ«O PÈBLICA, DEFESA E SEGURIDADE SOCIAL;
84.1;Administraá∆o do estado e da pol°tica econìmica e social;
84.11-6;Administraá∆o p£blica em geral;1
84.12-4;Regulaá∆o das atividades de sa£de, educaá∆o, serviáos culturais e outros serviáos sociais;1
84.13-2;Regulaá∆o das atividades econìmicas;1
84.2;Serviáos coletivos prestados pela administraá∆o p£blica;
84.21-3;Relaá‰es exteriores;1
84.22-1;Defesa;1
84.23-0;Justiáa;1
84.24-8;Seguranáa e ordem p£blica;1
84.25-6;Defesa Civil;1
84.3;Seguridade social obrigat¢ria;
84.30-2;Seguridade social obrigat¢ria;1
P;EDUCAÄ«O;
85;EDUCAÄ«O;
85.1;Educaá∆o infantil e ensino fundamental;
85.11-2;Educaá∆o infantil - creche;2
85.12-1;Educaá∆o infantil - prÇ-escola;2
85.13-9;Ensino fundamental;2
85.2;Ensino mÇdio;
85.20-1;Ensino mÇdio;2
85.3;Educaá∆o superior;
85.31-7;Educaá∆o superior - graduaá∆o;2
85.32-5;Educaá∆o superior - graduaá∆o e p¢s-graduaá∆o;2
85.33-3;Educaá∆o superior - p¢s-graduaá∆o e extens∆o;2
85.4;Educaá∆o profissional de n°vel tÇcnico e tecnol¢gico;
85.41-4;Educaá∆o profissional de n°vel tÇcnico;2
85.42-2;Educaá∆o profissional de n°vel tecnol¢gico;2
85.5;Atividades de apoio Ö educaá∆o;
85.50-3;Atividades de apoio Ö educaá∆o;2
85.9;Outras atividades de ensino;
85.91-1;Ensino de esportes;2
85.92-9;Ensino de arte e cultura;2
85.93-7;Ensino de idiomas;2
85.99-6;Atividades de ensino n∆o especificadas anteriormente;2
Q;SAÈDE HUMANA E SERVIÄOS SOCIAIS;
86;ATIVIDADES DE ATENÄ«O ∑ SAÈDE HUMANA;
86.1;Atividades de atendimento hospitalar;
86.10-1;Atividades de atendimento hospitalar;3
86.2;Serviáos m¢veis de atendimento a urgàncias e de remoá∆o de pacientes;
86.21-6;Serviáos m¢veis de atendimento a urgàncias;3
86.22-4;Serviáos de remoá∆o de pacientes, exceto os serviáos m¢veis de atendimento a urgàncias;3
86.3;Atividades de atená∆o ambulatorial executadas por mÇdicos e odont¢logos;
86.30-5;Atividades de atená∆o ambulatorial executadas por mÇdicos e odont¢logos;3
86.4;Atividades de serviáos de complementaá∆o diagn¢stica e terapàutica;
86.40-2;Atividades de serviáos de complementaá∆o diagn¢stica e terapàutica;3
86.5;Atividades de profissionais da †rea de sa£de, exceto mÇdicos e odont¢logos;
86.50-0;Atividades de profissionais da †rea de sa£de, exceto mÇdicos e odont¢logos;2
86.6;Atividades de apoio Ö gest∆o de sa£de;
86.60-7;Atividades de apoio Ö gest∆o de sa£de;1
86.9;Atividades de atená∆o Ö sa£de humana n∆o especificadas anteriormente;
86.90-9;Atividades de atená∆o Ö sa£de humana n∆o especificadas anteriormente;1
87;ATIVIDADES DE ATENÄ«O ∑ SAÈDE HUMANA INTEGRADAS COM ASSIST“NCIA SOCIAL, PRESTADAS EM RESID“NCIAS COLETIVAS E PARTICULARES;
87.1;Atividades de assistància a idosos, deficientes f°sicos, imunodeprimidos e convalescentes, e de infraestrutura e apoio a pacientes prestadas em residàncias coletivas e particulares;
87.11-5;Atividades de assistància a idosos, deficientes f°sicos, imunodeprimidos e convalescentes prestadas em residàncias coletivas e particulares;1
87.12-3;Atividades de fornecimento de infraestrutura de apoio e assistància a paciente no domic°lio;1
87.2;Atividades de assistància psicossocial e Ö sa£de a portadores de dist£rbios ps°quicos, deficiància mental e dependància qu°mica;
87.20-4;Atividades de assistància psicossocial e Ö sa£de a portadores de dist£rbios ps°quicos, deficiància mental e dependància qu°mica;1
87.3;Atividades de assistància social prestadas em residàncias coletivas e particulares;1
87.30-1;Atividades de assistància social prestadas em residàncias coletivas e particulares;1
88;SERVIÄOS DE ASSIST“NCIA SOCIAL SEM ALOJAMENTO;
88.0;Serviáos de assistància social sem alojamento;
88.00-6;Serviáos de assistància social sem alojamento;1
R;ARTES, CULTURA, ESPORTE E RECREAÄ«O;
90;ATIVIDADES ART÷STICAS, CRIATIVAS E DE ESPETµCULOS;
90.0;Atividades art°sticas, criativas e de espet†culos;
90.01-9;Artes cànicas, espet†culos e atividades complementares;2
90.02-7;Criaá∆o art°stica;2
90.03-5;Gest∆o de espaáos para artes cànicas, espet†culos e outras atividades art°sticas;1
91;ATIVIDADES LIGADAS AO PATRIM‚NIO CULTURAL E AMBIENTAL;
91.0;Atividades ligadas ao patrimìnio cultural e ambiental;
91.01-5;Atividades de bibliotecas e arquivos;2
91.02-3;Atividades de museus e de exploraá∆o, restauraá∆o art°stica e conservaá∆o de lugares e prÇdios hist¢ricos e atraá‰es similares;2
91.03-1;Atividades de jardins botÉnicos, zool¢gicos, parques nacionais, reservas ecol¢gicas e †reas de proteá∆o ambiental;2
92;ATIVIDADES DE EXPLORAÄ«O DE JOGOS DE AZAR E APOSTAS;
92.0;Atividades de exploraá∆o de jogos de azar e apostas;
92.00-3;Atividades de exploraá∆o de jogos de azar e apostas;1
93;ATIVIDADES ESPORTIVAS E DE RECREAÄ«O E LAZER;
93.1;Atividades esportivas;
93.11-5;Gest∆o de instalaá‰es de esportes;1
93.12-3;Clubes sociais, esportivos e similares;2
93.13-1;Atividades de condicionamento f°sico;2
93.19-1;Atividades esportivas n∆o especificadas anteriormente;2
93.2;Atividades de recreaá∆o e lazer;
93.21-2;Parques de divers∆o e parques tem†ticos;2
93.29-8;Atividades de recreaá∆o e lazer n∆o especificadas anteriormente;2
S;OUTRAS ATIVIDADES DE SERVIÄOS;
94;ATIVIDADES DE ORGANIZAÄÂES ASSOCIATIVAS;
94.1;Atividades de organizaá‰es associativas patronais, empresariais e profissionais;
94.11-1;Atividades de organizaá‰es associativas patronais e empresariais;1
94.12-0;Atividades de organizaá‰es associativas profissionais;1
94.2;Atividades de organizaá‰es sindicais;
94.20-1;Atividades de organizaá‰es sindicais;1
94.3;Atividades de associaá‰es de defesa de direitos sociais;
94.30-8;Atividades de associaá‰es de defesa de direitos sociais;1
94.9;Atividades de organizaá‰es associativas n∆o especificadas anteriormente;
94.91-0;Atividades de organizaá‰es religiosas;1
94.92-8;Atividades de organizaá‰es pol°ticas;1
94.93-6;Atividades de organizaá‰es associativas ligadas Ö cultura e Ö arte;1
94.99-5;Atividades associativas n∆o especificadas anteriormente;1
95;REPARAÄ«O E MANUTENÄ«O DE EQUIPAMENTOS DE INFORMµTICA E COMUNICAÄ«O E DE OBJETOS PESSOAIS E DOMêSTICOS;
95.1;Reparaá∆o e manutená∆o de equipamentos de inform†tica e comunicaá∆o;
95.11-8;Reparaá∆o e manutená∆o de computadores e de equipamentos perifÇricos;3
95.12-6;Reparaá∆o e manutená∆o de equipamentos de comunicaá∆o;3
95.2;Reparaá∆o e manutená∆o de objetos e equipamentos pessoais e domÇsticos;
95.21-5;Reparaá∆o e manutená∆o de equipamentos eletroeletrìnicos de uso pessoal e domÇstico;3
95.29-1;Reparaá∆o e manutená∆o de objetos e equipamentos pessoais e domÇsticos n∆o especificados anteriormente;3
96;OUTRAS ATIVIDADES DE SERVIÄOS PESSOAIS;
96.0;Outras atividades de serviáos pessoais;
96.01-7;Lavanderias, tinturarias e toalheiros;2
96.02-5;Cabeleireiros e outras atividades de tratamento de beleza;2
96.03-3;Atividades funer†rias e serviáos relacionados;2
96.09-2;Atividades de serviáos pessoais n∆o especificadas anteriormente;2
T;SERVIÄOS DOMêSTICOS;
97;SERVIÄOS DOMêSTICOS;
97.0;Serviáos domÇsticos;
97.00-5;Serviáos domÇsticos;2
U;ORGANISMOS INTERNACIONAIS E OUTRAS INSTITUIÄÂES EXTRATERRITORIAIS;
99;ORGANISMOS INTERNACIONAIS E OUTRAS INSTITUIÄÂES EXTRATERRITORIAIS;
99.0;Organismos internacionais e outras instituiá‰es extraterritoriais;
99.00-8;Organismos internacionais e outras instituiá‰es extraterritoriais;1
